views,uploader,county_code
277,1,1001
294,,1001
1680,1,1003
2213,,1003
58,1,1005
91,,1005
22,1,1007
35,,1007
135,1,1009
236,,1009
26,,1011
7,1,1011
35,1,1013
78,,1013
658,1,1015
873,,1015
215,,1017
126,1,1017
159,,1019
120,1,1019
138,,1021
105,1,1021
42,1,1023
64,,1023
21,1,1025
30,,1025
2,,1027
5,,1029
9,1,1029
639,,1031
298,1,1031
282,,1033
103,1,1033
32,1,1035
10,,1035
4,,1037
111,1,1039
131,,1039
12,1,1041
30,,1041
289,1,1043
401,,1043
320,1,1045
600,,1045
37,,1047
62,1,1047
474,,1049
297,1,1049
304,1,1051
597,,1051
116,1,1053
279,,1053
394,1,1055
420,,1055
26,1,1057
55,,1057
26,1,1059
32,,1059
38,,1061
23,1,1061
5,1,1063
28,,1065
17,1,1065
2,1,1067
8,,1067
1435,,1069
909,1,1069
104,1,1071
243,,1071
7513,1,1073
8994,,1073
12,,1075
10,1,1075
345,1,1077
562,,1077
39,1,1079
40,,1079
1337,1,1081
2373,,1081
395,1,1083
574,,1083
2,,1085
67,1,1087
61,,1087
3784,1,1089
4713,,1089
30,1,1091
54,,1091
247,1,1093
240,,1093
596,1,1095
967,,1095
2073,1,1097
2409,,1097
42,1,1099
60,,1099
1825,1,1101
1876,,1101
652,1,1103
1044,,1103
11,1,1105
23,,1105
8,1,1107
39,,1107
142,1,1109
246,,1109
14,1,1111
33,,1111
237,1,1113
334,,1113
476,,1115
399,1,1115
1121,1,1117
1467,,1117
25,1,1119
14,,1119
240,1,1121
367,,1121
131,1,1123
203,,1123
1373,1,1125
1924,,1125
198,1,1127
345,,1127
13,1,1129
17,,1129
4,1,1131
180,,1133
165,1,1133
1,1,2016
6,,2016
4995,,2020
4312,1,2020
28,1,2050
44,,2050
848,,2090
676,1,2090
15,1,2100
12,,2100
862,1,2110
600,,2110
314,1,2122
258,,2122
103,1,2130
149,,2130
84,1,2150
79,,2150
1123,1,2170
1297,,2170
11,1,2180
18,,2180
34,1,2185
53,,2185
4,,2188
83,,2220
70,1,2220
4,1,2232
1,1,2240
6,,2240
98,1,2261
98,,2261
9,,2280
2,1,2280
103,1,4001
95,,4001
807,1,4003
1090,,4003
1343,1,4005
1407,,4005
249,1,4007
335,,4007
120,1,4009
135,,4009
30,1,4011
62,,4011
93,1,4012
157,,4012
56889,1,4013
68331,,4013
1573,1,4015
2364,,4015
695,,4017
468,1,4017
13091,1,4019
13613,,4019
1799,1,4021
2526,,4021
155,1,4023
210,,4023
2111,1,4025
2062,,4025
1081,1,4027
1435,,4027
25,,5001
25,1,5001
17,1,5003
14,,5003
540,1,5005
700,,5005
1968,1,5007
2429,,5007
200,1,5009
294,,5009
6,1,5011
4,,5011
10,1,5013
34,,5013
122,1,5015
133,,5015
10,1,5017
9,,5017
172,1,5019
188,,5019
46,,5021
24,1,5021
201,,5023
105,1,5023
11,1,5025
7,,5025
138,1,5027
127,,5027
34,1,5029
28,,5029
1001,1,5031
903,,5031
257,1,5033
394,,5033
113,1,5035
128,,5035
42,1,5037
43,,5037
3,1,5039
4,,5039
44,,5041
25,1,5041
45,,5043
199,1,5043
1175,,5045
1181,1,5045
129,1,5047
216,,5047
28,1,5049
25,,5049
849,,5051
651,1,5051
117,1,5053
146,,5053
137,1,5055
157,,5055
20,1,5057
40,,5057
35,1,5059
124,,5059
11,1,5061
39,,5061
131,1,5063
161,,5063
2,1,5065
6,,5065
99,,5067
56,1,5067
156,,5069
251,1,5069
167,1,5071
107,,5071
4,1,5075
29,,5075
2,1,5077
3,,5077
6,,5079
5,1,5081
27,,5081
80,1,5083
91,,5083
459,1,5085
662,,5085
25,1,5087
48,,5087
33,,5089
38,1,5089
229,1,5091
369,,5091
177,1,5093
164,,5093
1,1,5095
4,,5095
1,1,5097
1,,5097
3,1,5099
2,,5099
60,1,5101
56,,5101
83,,5103
63,1,5103
43,1,5107
41,,5107
4,1,5109
2,,5109
22,1,5111
29,,5111
92,,5113
21,1,5113
412,1,5115
755,,5115
3615,,5119
4104,1,5119
12,1,5121
17,,5121
21,,5123
42,1,5123
396,1,5125
496,,5125
9,1,5127
15,,5127
10,,5129
27,1,5129
1154,,5131
896,1,5131
124,1,5133
240,,5133
15,1,5135
35,,5135
55,1,5137
81,,5137
299,1,5139
207,,5139
69,1,5141
91,,5141
2717,1,5143
3173,,5143
402,1,5145
400,,5145
36,1,5149
63,,5149
26928,1,6001
20226,,6001
1,1,6003
5,,6003
93,1,6005
133,,6005
2266,,6007
1786,1,6007
425,1,6009
533,,6009
113,1,6011
130,,6011
11699,1,6013
11106,,6013
521,1,6015
304,,6015
2072,1,6017
2235,,6017
5291,1,6019
7210,,6019
69,1,6021
147,,6021
6238,1,6023
6618,,6023
1100,1,6025
1570,,6025
168,1,6027
165,,6027
8200,,6029
6776,1,6029
719,1,6031
698,,6031
1130,1,6033
514,,6033
385,1,6035
420,,6035
170777,1,6037
154938,,6037
743,1,6039
872,,6039
5469,1,6041
3462,,6041
1378,1,6043
1582,,6043
1266,1,6045
1258,,6045
1539,1,6047
1722,,6047
530,1,6049
644,,6049
212,1,6051
160,,6051
3009,1,6053
3587,,6053
1159,,6055
1560,1,6055
1096,1,6057
1196,,6057
38663,1,6059
49915,,6059
3817,1,6061
5087,,6061
37,1,6063
18,,6063
20597,1,6065
27457,,6065
16553,1,6067
15843,,6067
394,,6069
393,1,6069
18945,1,6071
22879,,6071
76226,1,6073
77138,,6073
108234,1,6075
75492,,6075
4750,,6077
3568,1,6077
4702,1,6079
4075,,6079
12010,1,6081
9844,,6081
6912,1,6083
7134,,6083
34383,1,6085
33235,,6085
4864,1,6087
3800,,6087
1332,1,6089
1973,,6089
212,1,6093
252,,6093
2897,1,6095
3031,,6095
5830,1,6097
4858,,6097
3019,1,6099
4201,,6099
944,1,6101
913,,6101
283,1,6103
366,,6103
32,1,6105
18,,6105
1741,1,6107
2481,,6107
208,1,6109
246,,6109
9257,1,6111
10703,,6111
7245,1,6113
6451,,6113
301,1,6115
207,,6115
1983,1,8001
2175,,8001
221,1,8003
133,,8003
6941,1,8005
6183,,8005
117,1,8007
108,,8007
16,1,8011
59,,8011
5924,1,8013
4081,,8013
636,,8014
878,1,8014
129,1,8015
127,,8015
7,1,8019
8,,8019
9,1,8021
5,,8021
50,1,8027
26,,8027
235,1,8029
165,,8029
22005,1,8031
18615,,8031
2377,1,8035
3057,,8035
682,,8037
682,1,8037
29,1,8039
77,,8039
6328,1,8041
7315,,8041
35,,8043
30,1,8043
313,1,8045
282,,8045
21,1,8047
20,,8047
88,1,8049
82,,8049
134,1,8051
129,,8051
16,1,8055
22,,8055
5424,1,8059
5146,,8059
34,1,8063
27,,8063
66,1,8065
55,,8065
405,,8067
737,1,8067
3669,1,8069
3183,,8069
37,1,8071
49,,8071
13,1,8073
63,,8073
61,1,8075
89,,8075
1226,1,8077
1290,,8077
49,1,8081
103,,8081
127,1,8083
71,,8083
277,1,8085
337,,8085
232,1,8087
340,,8087
157,1,8089
148,,8089
6,1,8091
8,,8091
18,1,8093
34,,8093
19,1,8095
15,,8095
296,1,8097
304,,8097
91,1,8099
87,,8099
1112,,8101
588,1,8101
2,1,8103
15,1,8105
30,,8105
218,1,8107
249,,8107
27,1,8109
11,,8109
92,,8113
95,1,8113
2,,8115
434,,8117
431,1,8117
116,1,8119
149,,8119
1581,1,8123
1810,,8123
26745,1,9001
18833,,9001
18271,1,9003
12008,,9003
2790,,9005
3970,1,9005
2697,1,9007
1971,,9007
21708,1,9009
13341,,9009
4971,1,9011
3396,,9011
3104,1,9013
2676,,9013
1818,1,9015
1447,,9015
756,1,10001
1152,,10001
6894,1,10003
6880,,10003
1368,1,10005
1952,,10005
6370,1,12001
6119,,12001
47,1,12003
93,,12003
1325,1,12005
1946,,12005
83,1,12007
84,,12007
6203,1,12009
8714,,12009
13534,1,12011
20078,,12011
180,1,12013
177,,12013
1024,1,12015
1533,,12015
1063,1,12017
1954,,12017
1413,,12019
869,1,12019
3042,1,12021
5121,,12021
184,1,12023
324,,12023
70,1,12027
136,,12027
22,1,12029
54,,12029
5836,1,12031
8102,,12031
2628,1,12033
3674,,12033
986,1,12035
1745,,12035
71,1,12037
70,,12037
108,,12039
114,1,12039
19,1,12041
17,,12041
8,1,12043
1,,12043
64,1,12045
66,,12045
71,1,12047
110,,12047
70,1,12049
190,,12049
106,1,12051
178,,12051
2496,,12053
1418,1,12053
358,1,12055
540,,12055
16474,1,12057
20575,,12057
38,1,12059
36,,12059
874,1,12061
1466,,12061
72,1,12063
146,,12063
12,1,12065
15,,12065
1,1,12067
1,,12067
5286,,12069
3165,1,12069
6967,1,12071
10312,,12071
4101,,12073
4724,1,12073
122,,12075
52,1,12075
2,1,12077
2,,12077
20,1,12079
29,,12079
3453,1,12081
5047,,12081
2057,1,12083
3591,,12083
1732,,12085
917,1,12085
35448,1,12086
45930,,12086
1075,,12087
747,1,12087
310,1,12089
480,,12089
1911,1,12091
3404,,12091
46,1,12093
112,,12093
22365,1,12095
27512,,12095
3034,1,12097
4570,,12097
10493,1,12099
18726,,12099
4683,1,12101
7271,,12101
12282,1,12103
16829,,12103
5273,1,12105
8223,,12105
211,,12107
137,1,12107
2616,1,12109
3364,,12109
6733,,12111
4237,1,12111
2133,1,12113
3404,,12113
9405,,12115
6808,1,12115
6044,1,12117
9267,,12117
1221,1,12119
2009,,12119
224,1,12121
336,,12121
71,1,12123
135,,12123
549,1,12125
821,,12125
5125,1,12127
7641,,12127
71,,12129
70,1,12129
373,1,12131
599,,12131
59,1,12133
68,,12133
60,,13001
54,1,13001
16,1,13003
67,,13003
39,1,13005
112,,13005
2,1,13007
3,,13007
513,1,13009
519,,13009
12,1,13011
33,,13011
457,1,13013
1025,,13013
292,1,13015
718,,13015
108,1,13017
164,,13017
26,1,13019
36,,13019
1247,,13021
984,1,13021
42,1,13023
37,,13023
24,1,13025
66,,13025
7,1,13027
11,,13027
284,1,13029
371,,13029
561,1,13031
1007,,13031
18,1,13033
34,,13033
65,1,13035
114,,13035
356,1,13039
412,,13039
40,1,13043
74,,13043
984,,13045
628,1,13045
288,1,13047
627,,13047
9,,13049
2272,1,13051
2476,,13051
94,1,13053
185,,13053
12,1,13055
84,,13055
2692,1,13057
2987,,13057
2779,1,13059
2805,,13059
1,,13061
793,1,13063
817,,13063
6,,13065
3,1,13065
5827,1,13067
7551,,13067
395,1,13069
550,,13069
121,1,13071
234,,13071
816,1,13073
1379,,13073
39,1,13075
45,,13075
642,1,13077
1156,,13077
32,1,13079
70,,13079
76,1,13081
92,,13081
129,1,13083
150,,13083
144,1,13085
182,,13085
58,1,13087
117,,13087
6183,1,13089
4789,,13089
13,1,13091
40,,13091
16,1,13093
34,,13093
876,,13095
864,1,13095
597,1,13097
804,,13097
3,1,13099
8,,13099
1,,13101
126,1,13103
265,,13103
39,1,13105
57,,13105
44,1,13107
93,,13107
7,1,13109
5,,13109
217,1,13111
292,,13111
1076,1,13113
1656,,13113
718,,13115
426,1,13115
1396,1,13117
2370,,13117
29,1,13119
91,,13119
45794,1,13121
55247,,13121
224,1,13123
326,,13123
445,1,13127
549,,13127
471,,13129
190,1,13129
68,1,13131
71,,13131
61,1,13133
106,,13133
7132,1,13135
9976,,13135
64,1,13137
175,,13137
2301,,13139
1140,1,13139
1,1,13141
40,1,13143
117,,13143
53,,13145
34,1,13145
111,1,13147
201,,13147
8,1,13149
16,,13149
1753,,13151
1241,1,13151
1294,1,13153
2147,,13153
1,1,13155
5,,13155
778,1,13157
1363,,13157
6,1,13159
30,,13159
17,1,13161
71,,13161
4,1,13163
28,,13163
34,,13165
16,1,13165
7,1,13167
18,,13167
65,1,13169
169,,13169
47,,13171
30,1,13171
6,1,13173
26,,13173
229,,13175
139,1,13175
9,1,13177
17,,13177
310,,13179
366,1,13179
89,,13181
19,1,13181
4,,13183
707,1,13185
1049,,13185
701,1,13187
1344,,13187
38,1,13189
50,,13189
53,1,13191
64,,13191
5,,13193
11,,13195
11,1,13195
54,,13199
20,1,13199
5,1,13201
5,,13201
21,1,13205
36,,13205
104,,13207
62,1,13207
5,,13209
133,,13211
88,1,13211
164,1,13213
279,,13213
1486,1,13215
1892,,13215
291,1,13217
565,,13217
101,1,13219
99,,13219
336,1,13223
578,,13223
137,1,13225
172,,13225
393,,13227
190,1,13227
32,1,13229
85,,13229
12,,13231
10,1,13231
170,1,13233
301,,13233
40,1,13235
64,,13235
41,,13237
19,1,13237
6,1,13239
27,,13239
13,1,13241
21,,13241
1,1,13243
1,,13243
1063,1,13245
1555,,13245
548,,13247
389,1,13247
1,1,13249
1,,13249
25,1,13251
50,,13251
1,,13253
1,1,13253
336,,13255
211,1,13255
51,1,13257
70,,13257
65,1,13261
107,,13261
37,,13267
25,1,13267
3,1,13269
1,,13269
12,1,13271
3,1,13273
4,,13273
236,1,13275
325,,13275
186,1,13277
486,,13277
80,1,13279
102,,13279
37,1,13281
89,,13281
13,1,13283
35,,13283
415,,13285
303,1,13285
20,,13287
7,1,13287
1,1,13289
187,,13291
107,1,13291
85,1,13293
140,,13293
293,1,13295
393,,13295
329,1,13297
740,,13297
188,,13299
170,1,13299
1,,13301
8,,13303
14,1,13303
45,1,13305
63,,13305
339,1,13311
514,,13311
1434,,13313
1031,1,13313
1,1,13315
2,,13315
38,1,13317
29,,13317
1,1,13319
10,1,13321
22,,13321
2049,1,15001
1861,,15001
9813,1,15003
10653,,15003
554,,15007
687,1,15007
1919,1,15009
1775,,15009
8993,,16001
7204,1,16001
461,1,16005
666,,16005
10,1,16007
5,,16007
21,1,16009
26,,16009
111,,16011
66,1,16011
340,,16013
248,1,16013
11,1,16015
26,,16015
162,,16017
144,1,16017
733,1,16019
1114,,16019
21,,16021
30,1,16021
19,1,16023
14,,16023
1257,1,16027
1850,,16027
18,1,16029
23,,16029
42,1,16031
69,,16031
28,,16035
10,1,16035
5,1,16037
1,,16037
82,1,16039
91,,16039
29,1,16041
55,,16041
36,1,16043
95,,16043
18,1,16045
54,,16045
18,1,16047
37,,16047
23,1,16049
145,,16049
24,,16051
25,1,16051
66,1,16053
86,,16053
1746,1,16055
2180,,16055
709,1,16057
663,,16057
23,1,16059
32,,16059
2,1,16061
6,,16061
491,1,16065
644,,16065
68,,16067
124,1,16067
402,1,16069
428,,16069
14,1,16071
29,,16071
46,1,16073
84,,16073
36,1,16075
147,,16075
6,1,16077
6,,16077
24,,16079
39,1,16079
139,,16081
133,1,16081
467,1,16083
621,,16083
136,,16085
176,1,16085
15,1,16087
20,,16087
313,1,17001
413,,17001
2,1,17003
1,,17003
46,,17005
37,1,17005
379,1,17007
506,,17007
204,1,17009
253,,17009
68,1,17011
61,,17011
81,,17015
135,1,17015
61,1,17017
108,,17017
4001,,17019
3701,1,17019
137,1,17021
182,,17021
28,1,17023
31,,17023
55,1,17025
91,,17025
78,1,17027
66,,17027
818,1,17029
965,,17029
106438,1,17031
100637,,17031
20,1,17033
30,,17033
66,,17035
6,1,17035
1350,1,17037
1572,,17037
104,1,17039
131,,17039
59,1,17041
64,,17041
10682,1,17043
13807,,17043
64,1,17045
93,,17045
831,1,17047
1004,,17047
169,1,17049
243,,17049
29,1,17051
34,,17051
12,1,17053
19,,17053
97,1,17055
114,,17055
37,1,17057
57,,17057
1,,17059
38,1,17061
61,,17061
342,1,17063
471,,17063
23,1,17065
31,,17065
24,,17067
20,1,17067
14,1,17069
15,,17069
467,1,17073
329,,17073
31,1,17075
26,,17075
972,1,17077
825,,17077
5,1,17079
8,,17079
256,1,17081
380,,17081
123,1,17083
215,,17083
352,1,17085
145,,17085
4,1,17087
14,,17087
4967,1,17089
5873,,17089
449,1,17091
523,,17091
835,,17093
616,1,17093
494,1,17095
360,,17095
8438,,17097
7348,1,17097
773,1,17099
788,,17099
23,1,17101
41,,17101
180,1,17103
177,,17103
241,,17105
161,1,17105
88,,17107
186,1,17107
309,1,17109
294,,17109
2238,1,17111
3421,,17111
2747,1,17113
3479,,17113
586,1,17115
625,,17115
316,1,17117
326,,17117
2250,1,17119
3117,,17119
119,1,17121
193,,17121
2,,17123
40,1,17125
54,,17125
19,1,17127
15,,17127
18,1,17129
17,,17129
115,1,17131
58,,17131
343,1,17133
456,,17133
39,1,17135
85,,17135
238,,17137
163,1,17137
26,,17139
38,1,17139
811,1,17141
996,,17141
1573,1,17143
1756,,17143
46,1,17145
79,,17145
112,1,17147
141,,17147
30,1,17149
49,,17149
1,,17153
29,1,17157
58,,17157
36,1,17159
105,,17159
5049,1,17161
1563,,17161
1584,1,17163
1851,,17163
55,1,17165
36,,17165
2155,1,17167
1575,,17167
233,1,17169
289,,17169
2,1,17171
1,,17171
20,1,17173
75,,17173
3,1,17175
209,1,17177
250,,17177
1072,,17179
897,1,17179
13,1,17181
45,,17181
198,1,17183
303,,17183
47,1,17185
140,,17185
81,1,17187
70,,17187
35,1,17189
78,,17189
35,1,17191
54,,17191
23,1,17193
42,,17193
411,1,17195
341,,17195
3787,1,17197
5147,,17197
942,1,17199
1154,,17199
2764,1,17201
2872,,17201
229,1,17203
475,,17203
164,1,18001
953,,18001
2991,1,18003
6574,,18003
555,1,18005
6775,,18005
37,1,18009
174,,18009
618,1,18011
1218,,18011
14,1,18013
199,,18013
118,,18015
53,1,18015
1545,,18017
217,1,18017
585,1,18019
8359,,18019
100,1,18021
226,,18021
163,1,18023
158,,18023
5,1,18025
57,,18025
309,,18027
110,1,18027
141,1,18029
2254,,18029
54,1,18031
890,,18031
192,1,18033
397,,18033
937,1,18035
7530,,18035
188,1,18037
279,,18037
6617,,18039
1450,1,18039
51,1,18041
797,,18041
601,1,18043
5934,,18043
22,,18045
15,1,18045
244,,18047
16,1,18047
57,1,18049
85,,18049
54,1,18051
137,,18051
396,1,18053
548,,18053
50,1,18055
148,,18055
2980,1,18057
6263,,18057
4524,,18059
411,1,18059
57,1,18061
824,,18061
918,1,18063
2020,,18063
955,,18065
186,1,18065
391,1,18067
704,,18067
589,,18069
215,1,18069
180,1,18071
2106,,18071
100,1,18073
425,,18073
175,,18075
28,1,18075
1483,,18077
133,1,18077
50,1,18079
594,,18079
1233,1,18081
12398,,18081
173,1,18083
422,,18083
417,1,18085
1279,,18085
77,1,18087
238,,18087
2479,1,18089
3186,,18089
471,1,18091
595,,18091
147,1,18093
1467,,18093
429,1,18095
2263,,18095
8707,1,18097
25642,,18097
243,1,18099
691,,18099
16,1,18101
42,,18101
199,,18103
79,1,18103
3098,1,18105
16360,,18105
169,1,18107
470,,18107
130,1,18109
1370,,18109
57,1,18111
168,,18111
228,1,18113
540,,18113
33,1,18115
73,,18115
60,1,18117
830,,18117
19,1,18119
67,,18119
6,1,18121
11,,18121
34,1,18123
47,,18123
7,1,18125
5,,18125
1703,1,18127
2411,,18127
55,,18129
37,1,18129
27,1,18131
120,,18131
196,1,18133
262,,18133
17,1,18135
493,,18135
156,1,18137
1675,,18137
248,,18139
21,1,18139
2783,1,18141
5093,,18141
38,1,18143
1083,,18143
440,1,18145
2202,,18145
26,1,18147
46,,18147
115,1,18149
318,,18149
215,1,18151
855,,18151
111,,18153
9,1,18153
40,1,18155
94,,18155
3221,,18157
2503,1,18157
106,,18159
31,1,18159
19,1,18161
176,,18161
1709,1,18163
2472,,18163
173,1,18165
300,,18165
1254,,18167
852,1,18167
93,1,18169
701,,18169
358,1,18173
561,,18173
223,1,18175
2347,,18175
353,1,18177
3525,,18177
110,1,18179
178,,18179
77,1,18181
193,,18181
345,1,18183
732,,18183
176,1,19001
53,,19001
152,1,19003
37,,19003
40,,19005
205,1,19005
1644,1,19007
437,,19007
450,1,19009
122,,19009
1381,1,19011
309,,19011
20481,1,19013
6972,,19013
3066,1,19015
589,,19015
3148,1,19017
853,,19017
2462,1,19019
500,,19019
5598,1,19021
1565,,19021
567,1,19023
145,,19023
575,1,19025
74,,19025
2455,1,19027
490,,19027
1497,1,19029
280,,19029
2222,1,19031
427,,19031
6530,1,19033
1454,,19033
643,1,19035
145,,19035
167,,19037
793,1,19037
2118,1,19039
448,,19039
3298,1,19041
781,,19041
1825,1,19043
368,,19043
8874,1,19045
1773,,19045
2490,1,19047
635,,19047
5318,1,19049
1249,,19049
217,,19051
570,1,19051
765,1,19053
218,,19053
1474,1,19055
440,,19055
10831,1,19057
2468,,19057
572,,19059
2382,1,19059
17273,1,19061
3944,,19061
1434,1,19063
257,,19063
1389,1,19065
291,,19065
3265,1,19067
654,,19067
426,1,19069
176,,19069
46,1,19071
6,,19071
1084,1,19073
199,,19073
391,1,19075
95,,19075
943,1,19077
222,,19077
988,1,19079
302,,19079
2532,1,19081
525,,19081
916,1,19083
181,,19083
228,,19085
904,1,19085
2396,1,19087
728,,19087
1001,1,19089
193,,19089
726,1,19091
143,,19091
325,1,19093
52,,19093
500,,19095
2170,1,19095
1136,1,19097
252,,19097
4117,1,19099
791,,19099
784,,19101
3064,1,19101
58248,1,19103
12078,,19103
1239,1,19105
231,,19105
938,1,19107
140,,19107
244,,19109
1771,1,19109
2267,1,19111
476,,19111
14954,,19113
71709,1,19113
1551,1,19115
351,,19115
1318,1,19117
306,,19117
116,,19119
354,1,19119
1033,1,19121
172,,19121
710,,19123
3716,1,19123
4408,1,19125
912,,19125
2278,,19127
9786,1,19127
1401,1,19129
306,,19129
1678,1,19131
464,,19131
541,1,19133
94,,19133
590,1,19135
141,,19135
1016,1,19137
256,,19137
5998,1,19139
2327,,19139
1019,1,19141
396,,19141
333,1,19143
198,,19143
2255,1,19145
515,,19145
820,1,19147
255,,19147
755,,19149
2416,1,19149
473,1,19151
71,,19151
167007,1,19153
39672,,19153
15519,1,19155
3820,,19155
3885,1,19157
759,,19157
1,,19159
129,1,19159
447,1,19161
103,,19161
56816,1,19163
11179,,19163
1136,1,19165
382,,19165
2928,1,19167
1435,,19167
19318,1,19169
5764,,19169
489,,19171
1484,1,19171
3369,1,19175
705,,19175
335,1,19177
119,,19177
6713,1,19179
1607,,19179
898,,19181
4225,1,19181
593,,19183
3672,1,19183
92,,19185
619,1,19185
10313,1,19187
2195,,19187
646,1,19189
141,,19189
2609,1,19191
657,,19191
8752,,19193
38252,1,19193
8,,19195
12,1,19195
80,,19197
284,1,19197
102,,20001
44,1,20001
23,1,20003
48,,20003
127,1,20005
190,,20005
30,,20007
22,1,20007
364,,20009
196,1,20009
45,1,20011
49,,20011
73,1,20013
77,,20013
302,1,20015
485,,20015
1,1,20017
1,,20017
1,1,20019
40,1,20021
62,,20021
29,1,20027
45,,20027
54,1,20029
22,,20029
37,1,20031
38,,20031
168,1,20035
258,,20035
640,1,20037
473,,20037
102,,20041
57,1,20041
2624,1,20045
2001,,20045
382,1,20051
524,,20051
11,1,20053
29,,20053
274,,20055
142,1,20055
249,1,20057
386,,20057
72,1,20059
84,,20059
190,1,20061
305,,20061
41,1,20067
51,,20067
1,,20073
1,1,20075
24,,20077
6,1,20077
177,1,20079
248,,20079
46,1,20085
77,,20085
9,1,20087
14,,20087
7242,,20091
6552,1,20091
3,1,20095
10,,20095
1,1,20097
90,,20099
53,1,20099
6,1,20101
20,,20101
579,,20103
486,1,20103
41,1,20107
77,,20107
4,1,20109
27,,20109
354,1,20111
247,,20111
145,1,20113
225,,20113
25,1,20115
20,,20115
42,1,20117
19,,20117
97,1,20121
136,,20121
27,,20123
26,1,20123
214,1,20125
257,,20125
30,,20127
36,1,20127
1,1,20129
12,,20129
25,1,20131
26,,20131
40,1,20133
58,,20133
19,1,20137
40,,20137
41,1,20139
23,,20139
2,1,20143
3,,20143
2,,20145
11,1,20147
11,,20147
88,1,20149
144,,20149
39,1,20151
67,,20151
425,,20155
401,1,20155
14,1,20157
14,,20157
17,,20159
23,1,20159
1289,1,20161
1546,,20161
71,,20167
27,1,20167
328,1,20169
539,,20169
31,1,20171
56,,20171
4186,1,20173
5611,,20173
76,1,20175
122,,20175
1591,1,20177
1570,,20177
14,1,20181
49,,20181
75,1,20189
84,,20189
54,1,20191
70,,20191
45,1,20193
116,,20193
1,1,20195
3,,20195
5,1,20197
16,,20197
1,1,20201
2,,20201
11,,20205
14,1,20205
3,,20207
951,1,20209
851,,20209
38,1,21001
48,,21001
95,,21003
37,1,21003
47,1,21005
139,,21005
12,1,21007
25,,21007
446,1,21009
454,,21009
3,,21011
157,,21013
141,1,21013
1017,1,21015
2209,,21015
34,1,21017
84,,21017
334,1,21019
470,,21019
189,,21021
180,1,21021
23,1,21025
37,,21025
24,,21027
19,1,21027
241,1,21029
714,,21029
15,1,21031
11,,21031
34,1,21033
49,,21033
370,1,21035
238,,21035
784,1,21037
959,,21037
20,1,21041
150,,21041
137,,21043
101,1,21043
9,1,21045
9,,21045
222,1,21047
428,,21047
178,1,21049
272,,21049
191,,21051
100,1,21051
45,1,21053
46,,21053
8,1,21055
8,,21055
33,1,21057
61,,21057
590,1,21059
1087,,21059
1,,21061
26,,21065
12,1,21065
5002,1,21067
4826,,21067
10,1,21069
13,,21069
209,1,21071
364,,21071
440,1,21073
481,,21073
1,,21075
66,,21077
11,1,21077
4,1,21079
10,,21079
84,1,21081
236,,21081
180,,21083
112,1,21083
23,,21085
23,1,21085
43,1,21089
79,,21089
28,1,21091
44,,21091
1102,1,21093
1895,,21093
57,,21095
36,1,21095
51,,21097
34,1,21097
23,1,21099
46,,21099
321,,21101
218,1,21101
7,1,21103
53,,21103
157,1,21107
261,,21107
68,1,21109
72,,21109
7063,1,21111
17393,,21111
752,1,21113
1096,,21113
236,,21115
191,1,21115
1416,1,21117
1793,,21117
49,1,21119
116,,21119
199,1,21121
349,,21121
4,1,21123
1,,21123
1044,,21125
550,1,21125
44,1,21127
58,,21127
7,1,21129
42,,21129
106,,21131
95,1,21131
60,1,21133
117,,21133
1,,21135
29,,21137
24,1,21137
1,1,21139
119,1,21141
127,,21141
18,1,21143
17,,21143
274,1,21145
401,,21145
41,1,21147
149,,21147
1,1,21149
13,,21149
963,1,21151
1119,,21151
118,1,21153
184,,21153
26,1,21155
22,,21155
97,1,21157
137,,21157
46,1,21159
162,,21159
64,1,21161
74,,21161
53,1,21163
207,,21163
119,1,21167
108,,21167
4,1,21169
18,,21169
8,1,21171
18,,21171
113,1,21173
132,,21173
136,1,21175
181,,21175
33,1,21177
70,,21177
212,1,21179
336,,21179
14,1,21183
16,,21183
316,1,21185
540,,21185
8,1,21187
22,,21187
4,,21189
8,1,21191
90,,21191
72,1,21193
103,,21193
170,1,21195
378,,21195
7,,21197
5,1,21197
239,,21199
143,1,21199
16,1,21203
22,,21203
139,1,21205
206,,21205
119,,21207
157,1,21207
329,1,21209
489,,21209
318,,21211
208,1,21211
32,1,21213
70,,21213
45,1,21215
67,,21215
48,1,21217
117,,21217
27,,21219
54,1,21221
116,,21221
4,1,21223
10,,21223
20,1,21225
51,,21225
1784,1,21227
1375,,21227
18,,21229
6,1,21229
72,1,21231
22,,21231
1,1,21233
182,1,21235
362,,21235
192,1,21239
204,,21239
128,1,22001
283,,22001
55,1,22003
71,,22003
674,1,22005
1166,,22005
17,1,22007
32,,22007
57,1,22009
106,,22009
183,,22011
187,1,22011
17,1,22013
35,,22013
656,1,22015
952,,22015
1274,,22017
976,1,22017
1466,,22019
921,1,22019
4,1,22025
1,,22025
6,,22027
7,1,22027
20,,22029
23,1,22029
20,,22031
17,1,22031
4030,1,22033
4406,,22033
5,1,22037
10,,22037
77,1,22039
127,,22039
15,1,22041
26,,22041
3,,22043
3,1,22043
212,1,22045
361,,22045
95,1,22047
115,,22047
5,,22049
4,1,22049
2184,1,22051
3422,,22051
57,1,22053
125,,22053
1839,1,22055
2975,,22055
321,1,22057
619,,22057
8,1,22059
21,,22059
343,1,22061
504,,22061
331,1,22063
937,,22063
20,1,22065
8,,22065
47,1,22067
68,,22067
129,1,22069
174,,22069
6933,1,22071
6158,,22071
444,1,22073
922,,22073
70,1,22075
131,,22075
27,1,22077
37,,22077
601,1,22079
849,,22079
6,1,22081
5,,22081
20,1,22083
14,,22083
12,1,22085
13,,22085
87,1,22087
217,,22087
153,1,22089
451,,22089
35,,22093
21,1,22093
237,,22095
147,1,22095
560,,22097
264,1,22097
142,1,22099
243,,22099
132,1,22101
222,,22101
1469,1,22103
2744,,22103
529,1,22105
953,,22105
333,1,22109
484,,22109
40,1,22111
7,,22111
187,1,22113
291,,22113
158,1,22115
300,,22115
34,1,22117
92,,22117
255,,22119
76,1,22119
146,1,22121
96,,22121
4,1,22123
5,,22123
20,1,22125
22,,22125
17,1,22127
26,,22127
2403,1,23001
1284,,23001
527,1,23003
489,,23003
5127,,23005
9187,1,23005
429,1,23007
283,,23007
585,1,23009
283,,23009
1483,,23011
2545,1,23011
641,1,23013
438,,23013
485,1,23015
221,,23015
705,1,23017
448,,23017
2503,1,23019
1992,,23019
52,1,23021
30,,23021
455,1,23023
212,,23023
361,1,23025
269,,23025
337,1,23027
201,,23027
174,1,23029
175,,23029
3506,1,23031
1992,,23031
695,,24001
1235,1,24001
10595,1,24003
7571,,24003
29398,1,24005
15319,,24005
1085,1,24009
769,,24009
205,1,24011
122,,24011
1279,,24013
1541,1,24013
1090,1,24015
841,,24015
1209,,24017
2616,1,24017
251,1,24019
190,,24019
3644,1,24021
2455,,24021
134,,24023
154,1,24023
3643,1,24025
2411,,24025
5521,,24027
9733,1,24027
190,1,24029
117,,24029
39744,1,24031
18662,,24031
18782,1,24033
8322,,24033
982,1,24035
570,,24035
1575,1,24037
1225,,24037
117,1,24039
82,,24039
457,1,24041
321,,24041
1903,,24043
2216,1,24043
1779,1,24045
1139,,24045
665,1,24047
531,,24047
2626,,25001
2850,1,25001
2301,1,25003
1788,,25003
4356,1,25005
5637,,25005
264,1,25007
194,,25007
11953,1,25009
10008,,25009
442,,25011
799,1,25011
6164,1,25013
6554,,25013
5381,1,25015
3063,,25015
30849,,25017
49083,1,25017
162,1,25019
93,,25019
10454,,25021
12607,1,25021
5163,1,25023
6042,,25023
40034,1,25025
25680,,25025
11008,1,25027
11480,,25027
1,1,26001
1,,26001
53,,26003
65,1,26003
368,1,26005
554,,26005
316,,26007
170,1,26007
36,1,26009
28,,26009
25,1,26011
11,,26011
46,1,26013
16,,26013
271,,26015
200,1,26015
749,1,26017
1014,,26017
14,1,26019
32,,26019
1295,,26021
894,1,26021
252,1,26023
325,,26023
601,1,26025
754,,26025
111,1,26027
144,,26027
187,1,26029
247,,26029
91,1,26031
227,,26031
471,1,26033
740,,26033
56,1,26035
105,,26035
262,1,26037
465,,26037
31,1,26039
55,,26039
234,1,26041
304,,26041
211,1,26043
208,,26043
738,1,26045
862,,26045
348,1,26047
378,,26047
1624,1,26049
2306,,26049
20,1,26051
39,,26051
125,1,26053
163,,26053
901,1,26055
1112,,26055
242,,26057
204,1,26057
183,1,26059
238,,26059
531,1,26061
707,,26061
72,1,26063
69,,26063
3817,,26065
4537,1,26065
189,1,26067
278,,26067
255,,26069
141,1,26069
601,1,26071
757,,26071
861,,26073
825,1,26073
791,1,26075
1347,,26075
2930,,26077
2607,1,26077
64,1,26079
120,,26079
5895,1,26081
7365,,26081
2,1,26085
9,,26085
308,1,26087
825,,26087
66,1,26089
73,,26089
490,1,26091
625,,26091
1894,,26093
1484,1,26093
2,1,26095
2,,26095
13,,26097
6,1,26097
6517,1,26099
9911,,26099
138,1,26101
217,,26101
692,1,26103
803,,26103
131,1,26105
196,,26105
228,1,26107
298,,26107
13,1,26109
19,,26109
727,1,26111
931,,26111
7,1,26113
6,,26113
1296,,26115
979,1,26115
252,1,26117
441,,26117
20,1,26119
34,,26119
1251,1,26121
1762,,26121
1644,1,26123
2320,,26123
17468,,26125
13883,1,26125
31,1,26127
57,,26127
37,1,26129
76,,26129
31,1,26133
42,,26133
26,1,26135
42,,26135
213,1,26137
334,,26137
3016,1,26139
3518,,26139
3,1,26141
2,,26141
168,1,26143
250,,26143
1220,1,26145
1833,,26145
885,1,26147
1507,,26147
332,1,26149
351,,26149
144,1,26151
221,,26151
2,1,26153
16,,26153
563,1,26155
712,,26155
352,1,26157
499,,26157
316,1,26159
383,,26159
15304,1,26161
14576,,26161
40694,1,26163
49012,,26163
192,1,26165
275,,26165
27,1,27001
12,,27001
2481,1,27003
2618,,27003
147,,27005
151,1,27005
340,,27007
300,1,27007
60,1,27009
72,,27009
1665,1,27013
1276,,27013
233,1,27015
162,,27015
311,1,27017
273,,27017
1113,,27019
1277,1,27019
84,,27021
101,1,27021
97,1,27023
110,,27023
431,,27025
434,1,27025
534,1,27027
464,,27027
15,1,27029
37,,27029
87,1,27031
41,,27031
41,1,27033
39,,27033
519,1,27035
688,,27035
6885,1,27037
5431,,27037
92,1,27039
97,,27039
269,1,27041
286,,27041
85,1,27043
84,,27043
146,1,27045
122,,27045
187,1,27047
117,,27047
423,1,27049
364,,27049
18,1,27051
29,,27051
33462,1,27053
21788,,27053
83,1,27055
117,,27055
138,1,27057
78,,27057
87,,27059
131,1,27059
232,1,27061
260,,27061
63,1,27063
56,,27063
29,1,27065
20,,27065
336,1,27067
305,,27067
4,1,27069
2,,27069
29,1,27071
18,,27071
15,1,27073
12,,27073
39,,27075
85,1,27075
7,1,27077
6,,27077
117,1,27079
79,,27079
20,1,27081
11,,27081
181,1,27083
188,,27083
308,1,27085
322,,27085
10,1,27087
9,,27087
130,1,27091
90,,27091
48,1,27093
58,,27093
104,1,27095
74,,27095
79,1,27097
85,,27097
547,1,27099
412,,27099
3,,27101
235,1,27103
57,,27103
144,1,27105
172,,27105
3,1,27107
4,,27107
2409,,27109
3468,1,27109
292,1,27111
323,,27111
103,1,27113
113,,27113
71,1,27115
103,,27115
24,1,27117
18,,27117
69,,27119
54,1,27119
45,1,27121
25,,27121
7928,,27123
13371,1,27123
44,1,27127
70,,27127
7,,27129
6,1,27129
1345,1,27131
800,,27131
47,1,27133
69,,27133
62,,27135
49,1,27135
3344,1,27137
2319,,27137
2133,,27139
2237,1,27139
680,1,27141
890,,27141
22,1,27143
15,,27143
2234,,27145
2430,1,27145
458,1,27147
470,,27147
243,1,27149
138,,27149
14,1,27151
18,,27151
73,1,27153
76,,27153
87,1,27157
141,,27157
60,1,27159
73,,27159
119,1,27161
63,,27161
2125,1,27163
1842,,27163
116,1,27165
27,,27165
833,1,27169
712,,27169
1138,,27171
1071,1,27171
112,1,28001
194,,28001
100,1,28003
309,,28003
61,,28007
22,1,28007
1,,28009
1,1,28009
128,,28011
85,1,28011
13,1,28013
14,,28013
4,,28015
4,,28017
8,1,28019
18,,28019
8,,28021
2,1,28021
3,1,28023
16,,28023
10,1,28025
21,,28025
39,1,28027
77,,28027
11,1,28029
48,,28029
2,1,28031
5,,28031
759,1,28033
1353,,28033
1121,1,28035
2200,,28035
71,1,28037
93,,28037
29,1,28039
34,,28039
15,1,28041
37,,28041
138,1,28043
171,,28043
292,,28045
195,1,28045
1073,1,28047
1595,,28047
1673,1,28049
2185,,28049
42,,28051
11,1,28051
3,1,28053
5,,28053
62,1,28057
119,,28057
537,1,28059
934,,28059
8,1,28061
5,,28061
2,1,28065
2,,28065
127,1,28067
293,,28067
5,1,28069
708,1,28071
935,,28071
11,,28073
3,1,28073
223,1,28075
409,,28075
11,1,28079
15,,28079
299,1,28081
578,,28081
126,1,28083
117,,28083
73,1,28085
147,,28085
326,,28087
192,1,28087
587,1,28089
1092,,28089
22,,28091
17,1,28091
19,,28093
13,1,28093
24,1,28095
41,,28095
30,1,28097
17,,28097
75,1,28099
96,,28099
11,1,28101
31,,28101
2,1,28103
1,,28103
495,1,28105
953,,28105
25,1,28107
44,,28107
277,,28109
158,1,28109
2,1,28111
103,1,28113
114,,28113
52,,28115
23,1,28115
117,,28117
81,1,28117
1,1,28119
2,,28119
446,1,28121
869,,28121
29,1,28123
53,,28123
21,1,28127
33,,28127
1,,28129
15,1,28131
39,,28131
22,1,28133
29,,28133
1,1,28135
57,,28137
29,1,28137
21,1,28139
71,,28139
18,,28141
7,1,28141
6,1,28143
4,,28143
80,1,28145
119,,28145
1,1,28147
2,,28147
137,1,28149
160,,28149
76,1,28151
141,,28151
8,1,28153
12,,28153
1,,28155
10,1,28159
35,,28159
5,1,28161
4,,28161
26,1,28163
41,,28163
352,,29001
458,1,29001
56,,29003
30,1,29003
18,1,29005
9,,29005
123,,29007
109,1,29007
91,1,29009
113,,29009
28,1,29011
30,,29011
53,,29013
57,1,29013
46,,29015
29,1,29015
4,,29017
1,1,29017
4833,1,29019
3682,,29019
693,1,29021
703,,29021
190,1,29023
244,,29023
5,1,29025
29,,29025
152,1,29027
217,,29027
291,1,29029
510,,29029
815,1,29031
929,,29031
36,1,29033
23,,29033
4,,29035
631,,29037
549,1,29037
35,,29039
23,1,29039
6,1,29041
4,,29041
1218,,29043
650,1,29043
71,1,29045
163,,29045
788,1,29047
881,,29047
184,1,29049
340,,29049
864,1,29051
850,,29051
99,,29053
62,1,29053
49,1,29055
89,,29055
31,,29059
8,1,29059
2,1,29061
1,,29061
45,1,29065
35,,29065
5,1,29067
11,,29067
114,,29069
73,1,29069
438,1,29071
788,,29071
60,1,29073
41,,29073
3647,1,29077
3430,,29077
73,,29079
46,1,29079
42,,29081
26,1,29081
73,1,29083
97,,29083
6,1,29085
8,,29085
1,1,29087
2,,29087
11,1,29089
6,,29089
178,1,29091
247,,29091
1,,29093
7766,1,29095
7536,,29095
923,,29097
836,1,29097
1092,1,29099
1803,,29099
436,1,29101
624,,29101
3,1,29103
6,,29103
132,1,29105
208,,29105
126,,29107
96,1,29107
68,1,29109
67,,29109
49,1,29111
38,,29111
179,1,29113
258,,29113
11,1,29115
16,,29115
55,1,29117
75,,29117
40,1,29119
71,,29119
44,1,29121
45,,29121
60,1,29123
94,,29123
270,1,29127
257,,29127
9,1,29129
4,,29129
31,1,29131
33,,29131
15,,29133
25,1,29133
113,,29135
53,1,29135
14,1,29137
19,,29137
1,,29139
122,,29141
72,1,29141
16,1,29143
6,,29143
217,1,29145
280,,29145
210,,29147
272,1,29147
16,1,29149
31,,29149
20,1,29151
39,,29151
179,1,29155
225,,29155
77,1,29157
93,,29157
262,1,29159
312,,29159
497,1,29161
648,,29161
15,1,29163
36,,29163
305,1,29165
283,,29165
478,1,29167
657,,29167
303,1,29169
439,,29169
37,1,29171
21,,29171
5,,29173
8,1,29173
195,,29175
106,1,29175
14,1,29177
28,,29177
3,1,29179
6,,29179
9,1,29181
9,,29181
3747,1,29183
5252,,29183
1,1,29185
2,,29185
13,1,29186
38,,29186
590,,29187
350,1,29187
23984,1,29189
22170,,29189
73,1,29195
162,,29195
30,1,29199
17,,29199
300,,29201
121,1,29201
3,,29203
2,1,29205
61,1,29207
125,,29207
15,1,29209
27,,29209
991,1,29211
262,,29211
889,,29213
620,1,29213
26,1,29215
48,,29215
68,1,29217
68,,29217
62,1,29219
144,,29219
26,,29221
9,1,29221
1,1,29223
82,1,29225
141,,29225
19,1,29229
10,,29229
79,1,30001
74,,30001
30,,30003
11,1,30003
3,,30005
23,1,30007
3,,30007
32,1,30009
36,,30009
492,1,30013
609,,30013
2,,30015
7,1,30015
67,1,30017
50,,30017
88,1,30021
91,,30021
27,1,30023
44,,30023
13,1,30025
22,,30025
33,1,30027
56,,30027
1023,1,30029
1411,,30029
1666,1,30031
1720,,30031
121,1,30035
119,,30035
75,1,30041
91,,30041
8,1,30043
4,,30043
156,1,30047
185,,30047
841,1,30049
720,,30049
105,1,30053
169,,30053
28,1,30057
44,,30057
2,,30061
2317,1,30063
1905,,30063
32,1,30065
47,,30065
119,1,30067
172,,30067
1,1,30071
64,1,30073
10,,30073
12,1,30077
15,,30077
118,1,30081
154,,30081
46,1,30083
124,,30083
30,1,30085
18,,30085
17,1,30087
12,,30087
93,1,30089
149,,30089
2,1,30091
283,1,30093
297,,30093
2,,30095
18,,30097
27,1,30097
24,1,30101
53,,30101
23,1,30105
33,,30105
1164,1,30111
1729,,30111
261,1,31001
181,,31001
1,1,31003
6,,31003
18,1,31011
35,,31011
109,1,31013
65,,31013
9,1,31017
4,,31017
610,1,31019
568,,31019
9,1,31021
2,,31021
2,1,31023
13,,31023
135,1,31025
107,,31025
20,1,31027
22,,31027
48,1,31029
15,,31029
6,1,31031
29,,31031
73,1,31033
50,,31033
3,1,31035
21,1,31037
11,,31037
24,1,31039
13,,31039
13,1,31041
13,,31041
524,1,31043
191,,31043
39,1,31045
50,,31045
138,1,31047
139,,31047
422,1,31053
268,,31053
24291,1,31055
13252,,31055
14,1,31059
40,,31059
3,1,31063
10,,31063
24,,31065
28,1,31065
101,1,31067
54,,31067
22,1,31071
18,,31071
827,1,31079
719,,31079
65,1,31081
25,,31081
2,1,31083
1,,31083
13,1,31089
26,,31089
1,1,31093
6,1,31095
55,,31095
4,1,31097
1,,31097
16,,31099
13,1,31099
41,1,31101
21,,31101
1,,31105
5976,1,31109
4978,,31109
313,1,31111
285,,31111
304,1,31119
280,,31119
42,1,31121
18,,31121
14,,31127
25,1,31127
96,1,31131
61,,31131
1,1,31135
9,,31135
27,,31137
18,1,31137
12,,31139
24,1,31139
276,1,31141
260,,31141
28,,31145
28,1,31145
16,,31147
36,1,31147
226,1,31151
150,,31151
1840,1,31153
1604,,31153
53,1,31155
65,,31155
362,1,31157
250,,31157
53,1,31159
67,,31159
16,1,31167
6,,31167
1,,31169
33,1,31173
7,,31173
9,1,31175
9,,31175
175,1,31177
246,,31177
127,1,31179
59,,31179
10,1,31181
8,,31181
67,,31185
60,1,31185
325,1,32001
290,,32001
157407,1,32003
38905,,32003
1233,1,32005
794,,32005
782,1,32007
479,,32007
551,1,32013
93,,32013
8,1,32015
1137,1,32019
516,,32019
21,1,32021
3,,32021
1310,1,32023
516,,32023
4,,32027
1,1,32029
1,,32029
48950,1,32031
12112,,32031
60,1,32033
16,,32033
929,,32510
2733,1,32510
13449,1,33001
713,,33001
9659,1,33003
567,,33003
1175,,33005
20754,1,33005
187,,33007
4399,1,33007
13033,1,33009
1149,,33009
105518,1,33011
5649,,33011
33299,1,33013
1594,,33013
62261,1,33015
4056,,33015
52644,1,33017
2456,,33017
345,,33019
6360,1,33019
3218,1,34001
4283,,34001
18556,,34003
14675,1,34003
4650,1,34005
5843,,34005
4124,1,34007
5129,,34007
530,1,34009
708,,34009
1582,1,34011
2532,,34011
11608,1,34013
10822,,34013
3389,1,34015
4747,,34015
10219,1,34017
11662,,34017
1989,,34019
1482,1,34019
8827,1,34021
7879,,34021
12283,1,34023
15447,,34023
7792,1,34025
11848,,34025
9007,1,34027
11491,,34027
5367,1,34029
9380,,34029
8536,,34031
5569,1,34031
199,1,34033
300,,34033
6264,1,34035
7095,,34035
3047,,34037
2359,1,34037
8094,,34039
8409,1,34039
1824,1,34041
2533,,34041
10822,1,35001
8696,,35001
279,1,35005
283,,35005
23,1,35006
15,,35006
20,1,35007
14,,35007
236,1,35009
370,,35009
1003,1,35013
833,,35013
219,1,35015
247,,35015
79,1,35017
53,,35017
7,1,35019
21,,35019
44,,35023
67,1,35023
316,1,35025
443,,35025
122,,35027
101,1,35027
354,1,35028
228,,35028
82,1,35029
47,,35029
153,,35031
140,1,35031
2,,35033
5,1,35033
220,1,35035
290,,35035
12,1,35037
10,,35037
86,1,35041
120,,35041
1283,1,35043
1084,,35043
413,1,35045
443,,35045
95,1,35047
50,,35047
1723,1,35049
978,,35049
64,,35051
72,1,35051
57,1,35053
45,,35053
261,1,35055
105,,35055
41,,35057
52,1,35057
22,1,35059
20,,35059
154,,35061
120,1,35061
6494,1,36001
5813,,36001
218,1,36003
245,,36003
3208,,36007
2960,1,36007
391,,36009
268,1,36009
582,1,36011
513,,36011
1212,,36013
929,1,36013
673,,36015
671,1,36015
1049,1,36017
840,,36017
1251,1,36019
956,,36019
1088,1,36021
674,,36021
325,1,36023
383,,36023
329,1,36025
298,,36025
5586,1,36027
5520,,36027
17540,1,36029
20595,,36029
226,1,36031
237,,36031
258,1,36033
300,,36033
494,1,36035
608,,36035
289,1,36037
394,,36037
502,,36039
401,1,36039
1,,36041
530,1,36043
344,,36043
700,1,36045
797,,36045
44,,36049
79,1,36049
417,1,36051
542,,36051
861,1,36053
802,,36053
11611,1,36055
12143,,36055
432,,36057
323,1,36057
19370,1,36059
27748,,36059
273523,1,36061
200415,,36061
1380,1,36063
1819,,36063
1812,1,36065
2654,,36065
5989,1,36067
6178,,36067
1060,1,36069
1063,,36069
4342,1,36071
5936,,36071
412,,36073
173,1,36073
876,1,36075
1093,,36075
610,1,36077
454,,36077
1043,1,36079
1381,,36079
1868,1,36083
1917,,36083
4662,1,36087
6380,,36087
805,1,36089
779,,36089
2954,1,36091
3068,,36091
2508,1,36093
1989,,36093
159,,36095
102,1,36095
68,1,36097
86,,36097
140,1,36099
157,,36099
639,,36101
518,1,36101
19657,1,36103
28863,,36103
497,1,36105
617,,36105
218,1,36107
310,,36107
4946,1,36109
2868,,36109
3353,1,36111
2207,,36111
856,1,36113
703,,36113
213,1,36115
266,,36115
476,1,36117
832,,36117
19325,,36119
20253,1,36119
84,1,36121
109,,36121
126,,36123
122,1,36123
1699,,37001
1071,1,37001
198,,37003
88,1,37003
44,1,37005
54,,37005
190,1,37007
249,,37007
158,1,37009
306,,37009
119,1,37011
235,,37011
232,1,37013
341,,37013
23,1,37015
46,,37015
93,1,37017
165,,37017
938,1,37019
1522,,37019
4074,1,37021
3518,,37021
424,1,37023
731,,37023
1441,1,37025
2428,,37025
319,1,37027
749,,37027
173,,37029
109,1,37029
1436,1,37031
711,,37031
24,1,37033
42,,37033
1147,1,37035
2289,,37035
420,1,37037
402,,37037
72,1,37039
111,,37039
37,1,37041
61,,37041
29,,37043
31,1,37043
266,1,37045
581,,37045
168,,37047
94,1,37047
742,1,37049
1066,,37049
3999,,37051
2348,1,37051
132,1,37053
163,,37053
416,1,37055
587,,37055
662,1,37057
1371,,37057
331,1,37059
545,,37059
168,,37061
98,1,37061
7300,1,37063
5339,,37063
118,1,37065
202,,37065
3362,1,37067
4041,,37067
185,1,37069
307,,37069
954,1,37071
1582,,37071
5,,37073
5,1,37075
34,,37075
261,,37077
189,1,37077
207,1,37079
241,,37079
6144,,37081
4760,1,37081
164,1,37083
318,,37083
359,1,37085
613,,37085
369,1,37087
584,,37087
844,1,37089
1187,,37089
99,,37091
63,1,37091
148,1,37093
392,,37093
2,,37095
3,1,37095
1194,1,37097
2611,,37097
336,1,37099
352,,37099
1528,,37101
924,1,37101
13,,37103
11,1,37103
1753,1,37105
1259,,37105
221,1,37107
406,,37107
527,1,37109
1099,,37109
262,1,37111
380,,37111
372,,37113
354,1,37113
89,1,37115
84,,37115
65,1,37117
87,,37117
18544,,37119
14161,1,37119
42,1,37121
89,,37121
57,1,37123
74,,37123
555,1,37125
829,,37125
682,1,37127
1068,,37127
2220,1,37129
2852,,37129
32,1,37131
25,,37131
1560,1,37133
2230,,37133
4332,1,37135
2497,,37135
27,1,37137
58,,37137
181,1,37139
311,,37139
341,1,37141
516,,37141
46,,37143
18,1,37143
176,1,37145
208,,37145
3050,1,37147
5008,,37147
65,1,37149
41,,37149
572,1,37151
1143,,37151
172,1,37153
237,,37153
582,,37155
291,1,37155
377,1,37157
620,,37157
1299,,37159
827,1,37159
421,,37161
211,1,37161
230,1,37163
431,,37163
145,1,37165
179,,37165
299,1,37167
487,,37167
330,1,37169
558,,37169
628,1,37171
917,,37171
78,1,37173
91,,37173
289,1,37175
458,,37175
3,,37177
1826,1,37179
2709,,37179
122,1,37181
206,,37181
15124,1,37183
17273,,37183
19,1,37185
20,,37185
9,,37187
19,1,37187
1133,,37189
1009,1,37189
432,1,37191
838,,37191
628,,37193
308,1,37193
392,1,37195
626,,37195
111,1,37197
187,,37197
120,1,37199
142,,37199
7,1,38001
50,,38001
49,1,38003
54,,38003
4,1,38005
7,,38005
17,1,38009
22,,38009
42,1,38011
24,,38011
924,1,38015
1166,,38015
1991,1,38017
2516,,38017
27,1,38019
41,,38019
53,,38021
51,1,38021
11,1,38025
32,,38025
20,1,38031
20,,38031
1964,,38035
1754,1,38035
105,,38053
47,1,38053
6,1,38055
1,,38055
78,1,38057
170,,38057
37,1,38059
36,,38059
49,1,38061
59,,38061
23,1,38067
49,,38067
14,1,38069
16,,38069
40,1,38071
80,,38071
17,1,38073
42,,38073
77,1,38077
50,,38077
28,1,38079
38,,38079
14,,38081
9,1,38081
172,1,38089
259,,38089
127,1,38093
138,,38093
4,1,38097
17,,38097
28,1,38099
113,,38099
409,1,38101
680,,38101
372,1,38105
363,,38105
35,1,39001
48,,39001
664,1,39003
762,,39003
536,,39005
276,1,39005
511,1,39007
672,,39007
912,1,39009
1072,,39009
364,,39011
233,1,39011
129,1,39013
286,,39013
245,1,39015
363,,39015
5515,,39017
3617,1,39017
49,1,39019
64,,39019
195,1,39021
372,,39021
808,1,39023
1045,,39023
2193,,39025
1470,1,39025
342,1,39027
364,,39027
406,1,39029
631,,39029
150,1,39031
354,,39031
170,1,39033
302,,39033
13718,1,39035
13376,,39035
530,,39037
200,1,39037
164,1,39039
219,,39039
1258,1,39041
1968,,39041
522,1,39043
725,,39043
783,1,39045
1321,,39045
173,1,39047
160,,39047
19880,1,39049
19342,,39049
349,,39051
217,1,39051
952,,39053
734,1,39053
833,,39055
594,1,39055
1372,1,39057
2074,,39057
103,1,39059
243,,39059
11549,1,39061
13252,,39061
397,1,39063
649,,39063
178,1,39065
253,,39065
6,1,39067
15,,39067
129,1,39069
231,,39069
46,1,39071
63,,39071
458,1,39073
587,,39073
62,1,39075
160,,39075
281,1,39077
559,,39077
98,1,39079
132,,39079
337,,39081
392,1,39081
628,1,39083
675,,39083
1433,1,39085
2404,,39085
198,1,39087
261,,39087
1644,,39089
1007,1,39089
245,1,39091
378,,39091
2830,1,39093
3976,,39093
4204,1,39095
3889,,39095
234,,39097
134,1,39097
1634,1,39099
2443,,39099
342,1,39101
542,,39101
3224,,39103
1892,1,39103
6,1,39105
14,,39105
220,1,39107
330,,39107
1413,,39109
828,1,39109
19,1,39111
36,,39111
4871,1,39113
5760,,39113
23,1,39115
58,,39115
99,1,39117
180,,39117
555,1,39119
512,,39119
13,1,39121
14,,39121
552,1,39123
717,,39123
49,,39125
21,1,39125
77,,39127
87,1,39127
306,1,39129
421,,39129
123,,39131
94,1,39131
1569,1,39133
2076,,39133
101,1,39135
643,,39135
132,1,39137
188,,39137
1170,,39139
660,1,39139
539,1,39141
704,,39141
298,1,39143
546,,39143
264,1,39145
571,,39145
398,1,39147
359,,39147
202,1,39149
374,,39149
2514,1,39151
3937,,39151
5467,1,39153
6823,,39153
1638,,39155
1248,1,39155
825,,39157
515,1,39157
400,1,39159
722,,39159
94,1,39161
180,,39161
7,1,39163
2,,39163
2065,1,39165
3263,,39165
421,1,39167
714,,39167
776,1,39169
1312,,39169
136,1,39171
264,,39171
1105,1,39173
1397,,39173
145,1,39175
133,,39175
22,,40001
8,1,40001
13,,40005
19,1,40005
7,1,40007
13,,40007
82,1,40009
115,,40009
200,1,40013
219,,40013
29,1,40015
57,,40015
416,1,40017
597,,40017
207,1,40019
270,,40019
238,1,40021
177,,40021
23,,40023
17,1,40023
3065,,40027
2809,1,40027
983,,40031
728,1,40031
1,1,40033
1,,40033
24,1,40035
35,,40035
249,1,40037
566,,40037
107,1,40039
164,,40039
154,1,40041
275,,40041
7,,40043
1,1,40043
442,,40047
253,1,40047
45,1,40049
54,,40049
99,1,40051
168,,40051
26,1,40061
32,,40061
7,1,40063
5,,40063
132,1,40065
174,,40065
20,1,40069
18,,40069
173,1,40071
206,,40071
154,1,40073
220,,40073
2,1,40077
8,,40077
78,1,40079
94,,40079
56,1,40081
54,,40081
112,1,40083
144,,40083
23,,40085
18,1,40085
253,1,40087
392,,40087
155,1,40089
147,,40089
35,1,40091
47,,40091
2,,40093
8,1,40095
35,,40095
99,1,40097
148,,40097
31,1,40099
114,,40099
283,1,40101
501,,40101
9,,40103
17,1,40103
1,1,40105
13,,40105
1,1,40107
8317,1,40109
9830,,40109
116,1,40111
107,,40111
357,1,40113
388,,40113
116,,40115
96,1,40115
59,1,40117
24,,40117
814,1,40119
973,,40119
122,1,40121
221,,40121
285,,40123
177,1,40123
218,1,40125
330,,40125
5,1,40127
6,,40127
424,,40131
635,1,40131
42,1,40133
82,,40133
108,,40135
58,1,40135
153,,40137
166,1,40137
65,1,40139
142,,40139
1,1,40141
5233,1,40143
7299,,40143
1452,1,40145
2322,,40145
526,,40147
342,1,40147
3,1,40149
1,,40149
26,1,40151
29,,40151
61,,40153
118,1,40153
39,,41001
15,1,41001
1563,,41003
1681,1,41003
4693,1,41005
4278,,41005
336,1,41007
392,,41007
104,,41009
102,1,41009
659,1,41011
811,,41011
58,1,41013
110,,41013
185,1,41015
274,,41015
2164,1,41017
2145,,41017
574,1,41019
740,,41019
9,1,41023
6,,41023
4,,41025
9,1,41025
355,1,41027
370,,41027
3274,1,41029
3107,,41029
56,1,41031
106,,41031
581,1,41033
745,,41033
427,1,41035
466,,41035
24,1,41037
28,,41037
5271,1,41039
4636,,41039
731,1,41041
541,,41041
1113,,41043
922,1,41043
47,1,41045
59,,41045
3616,,41047
2939,1,41047
18,1,41049
37,,41049
24116,1,41051
18017,,41051
366,1,41053
410,,41053
289,1,41057
288,,41057
338,,41059
426,1,41059
331,,41061
266,1,41061
37,1,41063
21,,41063
291,1,41065
302,,41065
8225,1,41067
8980,,41067
823,1,41071
1117,,41071
1228,1,42001
1595,,42001
47209,1,42003
19083,,42003
280,1,42005
446,,42005
2895,1,42007
1277,,42007
639,1,42009
186,,42009
3481,,42011
2426,1,42011
1375,1,42013
1941,,42013
838,1,42015
939,,42015
7631,1,42017
8765,,42017
2675,1,42019
2198,,42019
1102,,42021
1615,1,42021
17,1,42023
6,,42023
399,1,42025
621,,42025
3753,1,42027
3528,,42027
7447,1,42029
8359,,42029
118,1,42031
168,,42031
296,1,42033
355,,42033
96,1,42035
226,,42035
502,1,42037
642,,42037
693,1,42039
1118,,42039
2649,1,42041
3573,,42041
3022,1,42043
3883,,42043
6980,1,42045
7179,,42045
560,1,42047
422,,42047
2332,1,42049
2753,,42049
1433,,42051
3844,1,42051
1,,42053
1033,1,42055
1215,,42055
880,1,42059
407,,42059
434,,42061
565,1,42061
517,1,42063
544,,42063
929,1,42065
145,,42065
69,1,42067
105,,42067
3206,1,42069
2395,,42069
5139,1,42071
6925,,42071
2026,1,42073
823,,42073
660,1,42075
1005,,42075
3805,1,42077
5355,,42077
2775,1,42079
4749,,42079
467,1,42081
961,,42081
147,1,42083
275,,42083
3240,1,42085
1337,,42085
103,1,42087
147,,42087
2037,,42089
1200,1,42089
11688,1,42091
11026,,42091
170,1,42093
236,,42093
4102,1,42095
5622,,42095
472,1,42097
709,,42097
329,,42099
189,1,42099
27926,1,42101
21975,,42101
358,,42103
247,1,42103
37,1,42105
68,,42105
2687,1,42107
1743,,42107
295,1,42109
403,,42109
1821,1,42111
368,,42111
255,,42115
170,1,42115
234,1,42117
282,,42117
382,1,42119
478,,42119
697,1,42121
583,,42121
189,,42123
232,1,42123
6887,1,42125
2046,,42125
396,1,42127
426,,42127
12255,1,42129
3626,,42129
220,1,42131
313,,42131
2722,1,42133
3925,,42133
1030,,44001
1012,1,44001
3012,,44003
2092,1,44003
1397,1,44005
1401,,44005
10207,1,44007
9982,,44007
2385,1,44009
2319,,44009
103,1,45001
104,,45001
1394,,45003
1105,1,45003
3,1,45005
3,,45005
890,1,45007
1827,,45007
26,1,45009
18,,45009
89,1,45011
112,,45011
1935,1,45013
2724,,45013
707,1,45015
1149,,45015
4,1,45017
4408,1,45019
4269,,45019
272,1,45021
460,,45021
113,1,45023
150,,45023
154,1,45025
237,,45025
144,,45027
153,1,45027
264,,45029
227,1,45029
255,1,45031
332,,45031
54,1,45033
52,,45033
738,1,45035
1091,,45035
9,,45037
22,1,45037
87,1,45039
55,,45039
715,1,45041
1059,,45041
507,1,45043
547,,45043
4985,1,45045
7520,,45045
316,1,45047
525,,45047
28,,45049
49,1,45049
3450,1,45051
4929,,45051
130,1,45053
139,,45053
733,1,45055
747,,45055
456,1,45057
552,,45057
188,1,45059
301,,45059
29,1,45061
19,,45061
1590,1,45063
2577,,45063
64,1,45065
66,,45065
109,1,45067
95,,45067
50,1,45069
48,,45069
111,1,45071
73,,45071
428,,45073
445,1,45073
430,1,45075
224,,45075
1727,,45077
1077,1,45077
4967,1,45079
4071,,45079
24,,45081
36,1,45081
2086,1,45083
2828,,45083
1139,,45085
1129,1,45085
46,1,45087
52,,45087
71,1,45089
46,,45089
3155,,45091
2369,1,45091
63,1,46005
87,,46005
19,1,46009
19,,46009
420,,46011
472,1,46011
360,1,46013
365,,46013
40,,46015
62,1,46015
109,,46019
68,1,46019
21,1,46021
42,,46021
40,1,46023
25,,46023
321,1,46027
166,,46027
264,1,46029
431,,46029
11,,46031
14,1,46031
47,1,46033
53,,46033
272,1,46035
190,,46035
1,1,46039
3,,46039
7,1,46041
20,,46041
63,1,46047
50,,46047
4,1,46049
18,,46049
35,1,46051
70,,46051
2,1,46053
1,,46053
31,,46057
31,1,46057
97,1,46065
89,,46065
26,1,46067
31,,46067
29,1,46069
60,,46069
4,,46075
88,1,46079
66,,46079
220,1,46081
266,,46081
77,1,46083
94,,46083
48,1,46087
36,,46087
35,1,46093
63,,46093
3835,1,46099
2393,,46099
8,1,46101
5,,46101
1045,,46103
895,1,46103
2,1,46105
2,,46107
2,1,46107
51,1,46109
66,,46109
42,1,46113
46,,46113
31,1,46119
2,,46119
17,1,46121
89,,46121
19,1,46123
16,,46123
286,1,46127
84,,46127
19,1,46129
12,,46129
256,1,46135
156,,46135
1,1,46137
463,1,47001
528,,47001
311,,47003
229,1,47003
41,1,47005
62,,47005
9,1,47007
6,,47007
615,1,47009
1387,,47009
758,1,47011
1197,,47011
79,1,47013
182,,47013
41,1,47015
73,,47015
49,1,47017
115,,47017
151,1,47019
233,,47019
91,1,47021
99,,47021
90,1,47023
192,,47023
170,1,47025
291,,47025
20,1,47027
68,,47027
55,1,47029
113,,47029
469,,47031
291,1,47031
17,1,47033
39,,47033
305,,47035
216,1,47035
13028,1,47037
12951,,47037
18,1,47039
22,,47039
93,1,47041
93,,47041
252,1,47043
253,,47043
152,1,47045
283,,47045
130,,47047
61,1,47047
92,,47049
37,1,47049
240,,47051
186,1,47051
117,1,47053
253,,47053
85,1,47055
104,,47055
126,,47057
82,1,47057
190,1,47059
228,,47059
55,,47061
94,1,47061
478,1,47063
789,,47063
3829,1,47065
4331,,47065
3,1,47067
3,,47067
18,1,47069
20,,47069
375,1,47071
622,,47071
145,,47073
88,1,47073
346,1,47075
561,,47075
99,1,47077
149,,47077
150,1,47079
237,,47079
68,1,47081
60,,47081
104,1,47083
137,,47083
23,1,47085
37,,47085
11,1,47087
37,,47087
175,1,47089
210,,47089
167,1,47091
199,,47091
4705,1,47093
5621,,47093
4,,47095
21,1,47097
40,,47097
104,1,47099
191,,47099
15,1,47101
19,,47101
80,1,47103
118,,47103
286,1,47105
522,,47105
229,1,47107
259,,47107
17,1,47109
40,,47109
86,1,47111
153,,47111
736,1,47113
1016,,47113
161,1,47115
247,,47115
101,1,47117
222,,47117
665,1,47119
1110,,47119
4,,47121
7,1,47121
242,1,47123
252,,47123
1096,1,47125
1684,,47125
103,1,47127
56,,47127
52,,47129
243,1,47129
70,1,47131
110,,47131
172,1,47133
275,,47133
9,1,47135
10,,47135
7,1,47137
9,,47137
21,1,47139
46,,47139
855,1,47141
1421,,47141
176,1,47143
321,,47143
127,1,47145
345,,47145
157,1,47147
332,,47147
2122,1,47149
2470,,47149
50,1,47151
135,,47151
87,1,47153
121,,47153
733,1,47155
1343,,47155
5839,1,47157
7770,,47157
38,1,47159
50,,47159
14,1,47161
64,,47161
1401,1,47163
2151,,47163
640,1,47165
1336,,47165
118,1,47167
316,,47167
8,1,47169
11,,47169
41,1,47171
76,,47171
7,1,47173
10,,47173
10,1,47175
15,,47175
149,1,47177
248,,47177
1415,1,47179
2062,,47179
188,,47181
75,1,47181
137,1,47183
264,,47183
165,,47185
112,1,47185
1866,1,47187
2491,,47187
1143,,47189
665,1,47189
129,1,48001
232,,48001
73,,48003
59,1,48003
575,1,48005
703,,48005
172,1,48007
184,,48007
16,1,48009
33,,48009
92,1,48013
98,,48013
52,1,48015
104,,48015
15,1,48017
23,,48017
56,1,48019
61,,48019
433,,48021
406,1,48021
7,1,48023
12,,48023
84,1,48025
94,,48025
2006,1,48027
2684,,48027
19969,,48029
17333,1,48029
18,,48031
19,1,48031
893,,48033
882,1,48033
12,1,48035
11,,48035
444,1,48037
734,,48037
1760,1,48039
1947,,48039
3408,1,48041
4605,,48041
78,,48043
79,1,48043
26,1,48047
16,,48047
233,1,48049
194,,48049
38,,48051
7,1,48051
181,1,48053
266,,48053
121,1,48055
87,,48055
59,1,48057
157,,48057
43,,48059
78,1,48059
2670,1,48061
5896,,48061
20,1,48063
33,,48063
1,1,48065
4,,48065
23,1,48067
35,,48067
10,1,48069
10,,48069
108,1,48071
163,,48071
93,1,48073
110,,48073
9,,48075
8,1,48075
2,,48077
36,,48083
23,1,48083
9969,1,48085
13484,,48085
16,1,48089
25,,48089
1548,1,48091
2053,,48091
79,1,48093
74,,48093
193,1,48097
311,,48097
625,1,48099
378,,48099
6,1,48101
2,,48101
2,1,48103
3,,48103
5,1,48105
9,,48105
6,1,48107
6,,48107
10,1,48109
18,,48109
91,1,48111
112,,48111
50127,1,48113
60638,,48113
31,1,48115
35,,48115
40,1,48117
51,,48117
1,,48119
8519,1,48121
9558,,48121
26,1,48123
40,,48123
39,,48127
24,1,48127
1,,48129
84,1,48133
51,,48133
622,1,48135
1003,,48135
1085,,48139
777,1,48139
9660,1,48141
10019,,48141
305,1,48143
366,,48143
15,,48145
83,1,48147
94,,48147
78,1,48149
170,,48149
7,,48155
5247,1,48157
6949,,48157
18,1,48159
38,,48159
172,,48161
79,1,48161
52,,48163
39,1,48163
38,1,48165
77,,48165
2951,,48167
2171,1,48167
5,,48169
12,1,48169
125,1,48171
233,,48171
5,1,48175
15,,48175
47,1,48177
75,,48177
49,1,48179
106,,48179
785,1,48181
855,,48181
776,1,48183
1108,,48183
49,1,48185
42,,48185
768,1,48187
869,,48187
146,1,48189
159,,48189
25,1,48193
11,,48193
10,1,48195
9,,48195
260,1,48199
317,,48199
53860,1,48201
66126,,48201
145,1,48203
246,,48203
21,1,48207
19,,48207
1918,1,48209
2251,,48209
10,,48211
7,1,48211
436,,48213
311,1,48213
5809,1,48215
7884,,48215
215,1,48217
222,,48217
110,1,48219
117,,48219
307,1,48221
492,,48221
126,1,48223
157,,48223
87,,48225
27,1,48225
144,1,48227
284,,48227
495,1,48231
632,,48231
95,1,48233
120,,48233
2,1,48237
3,,48237
35,1,48239
60,,48239
38,,48241
34,1,48241
3,1,48243
1,,48243
1034,1,48245
1878,,48245
138,1,48249
143,,48249
896,,48251
607,1,48251
22,,48253
11,1,48255
22,,48255
368,1,48257
610,,48257
523,,48259
382,1,48259
663,,48265
514,1,48265
9,1,48267
7,,48267
343,,48273
231,1,48273
219,1,48277
370,,48277
24,,48279
44,1,48279
40,1,48281
48,,48281
10,,48283
12,1,48283
33,1,48285
52,,48285
55,,48287
22,1,48287
11,1,48289
14,,48289
64,1,48291
137,,48291
30,1,48293
52,,48293
40,1,48297
40,,48297
127,1,48299
176,,48299
3189,,48303
2334,1,48303
1,,48305
35,1,48307
16,,48307
1741,1,48309
2005,,48309
11,1,48313
7,,48313
3,,48315
3,1,48315
2,1,48317
10,,48317
9,1,48319
5,,48319
101,1,48321
180,,48321
398,1,48323
694,,48323
81,1,48325
155,,48325
731,1,48329
1403,,48329
32,1,48331
61,,48331
22,1,48333
15,,48333
1,1,48335
7,,48335
12,1,48337
28,,48337
5749,,48339
3609,1,48339
63,1,48341
68,,48341
15,1,48343
13,,48343
578,,48347
618,1,48347
143,,48349
64,1,48349
2,1,48351
4,,48351
55,1,48353
64,,48353
2530,1,48355
2621,,48355
68,1,48357
115,,48357
499,,48361
357,1,48361
86,1,48363
134,,48363
83,,48365
24,1,48365
511,1,48367
759,,48367
16,1,48369
44,,48369
23,1,48371
30,,48371
130,1,48373
243,,48373
1239,1,48375
1777,,48375
28,1,48377
65,,48377
37,1,48379
32,,48379
142,,48381
82,1,48381
30,1,48383
7,,48383
15,1,48385
30,,48385
1,1,48387
4,,48387
71,,48389
119,1,48389
1,1,48391
6,,48391
15,,48395
18,1,48395
591,1,48397
877,,48397
12,,48399
8,1,48399
157,1,48401
211,,48401
17,1,48403
20,,48403
1,,48405
1,1,48405
60,1,48407
81,,48407
209,1,48409
275,,48409
9,1,48411
25,,48411
121,,48415
38,1,48415
59,1,48419
132,,48419
1,,48421
1458,1,48423
1831,,48423
49,1,48425
31,,48425
242,1,48427
370,,48427
21,1,48429
36,,48429
1,1,48435
1,,48435
1,1,48437
1,,48437
15642,1,48439
19608,,48439
1749,1,48441
2080,,48441
61,1,48445
120,,48445
263,1,48449
188,,48449
785,1,48451
1091,,48451
26932,1,48453
23259,,48453
156,1,48455
216,,48455
18,,48457
6,1,48457
282,,48459
140,1,48459
13,1,48461
49,,48461
91,1,48463
109,,48463
256,,48465
140,1,48465
60,1,48467
148,,48467
412,1,48469
545,,48469
576,,48471
409,1,48471
867,1,48473
943,,48473
38,1,48475
26,,48475
124,1,48477
149,,48477
2340,1,48479
3606,,48479
90,1,48481
149,,48481
2,,48483
1,1,48483
699,1,48485
1087,,48485
27,1,48487
50,,48487
41,,48489
51,1,48489
5207,,48491
3934,1,48491
111,1,48493
133,,48493
10,1,48495
3,,48495
200,1,48497
247,,48497
143,1,48499
206,,48499
2,1,48501
44,,48501
87,1,48503
130,,48503
45,,48505
13,1,48505
12,,48507
3,1,48507
14,1,49001
40,,49001
142,1,49003
216,,49003
1080,1,49005
1277,,49005
84,1,49007
174,,49007
2143,,49011
1632,1,49011
21,,49013
23,1,49013
6,1,49015
15,,49015
27,1,49017
25,,49017
197,1,49019
115,,49019
320,1,49021
429,,49021
18,1,49023
21,,49023
108,1,49025
129,,49025
33,1,49027
107,,49027
53,,49029
28,1,49029
7,1,49033
11,,49033
15699,1,49035
19299,,49035
13,1,49037
39,,49037
229,1,49039
285,,49039
70,,49041
39,1,49041
493,1,49043
644,,49043
328,1,49045
180,,49045
192,1,49047
431,,49047
4289,1,49049
7401,,49049
67,1,49051
96,,49051
2608,1,49053
4418,,49053
27,1,49055
13,,49055
1017,1,49057
1779,,49057
752,1,50001
301,,50001
400,1,50003
299,,50003
561,1,50005
209,,50005
8013,1,50007
3350,,50007
515,1,50011
282,,50011
72,,50013
176,1,50013
1461,1,50015
506,,50015
53,,50017
403,1,50017
71,1,50019
78,,50019
706,1,50021
402,,50021
2026,1,50023
820,,50023
1792,1,50025
423,,50025
3510,1,50027
354,,50027
179,1,51001
150,,51001
322,1,51003
294,,51003
18,1,51005
35,,51005
67,1,51007
61,,51007
56,1,51009
109,,51009
13,1,51011
32,,51011
12704,1,51013
6512,,51013
67,1,51015
79,,51015
38,,51017
19,1,51017
420,1,51019
666,,51019
178,1,51023
236,,51023
42,,51025
9,1,51025
28,1,51027
86,,51027
11,,51029
22,1,51029
174,1,51031
250,,51031
6,1,51033
35,,51033
62,1,51035
76,,51035
6,1,51037
16,,51037
2666,1,51041
3192,,51041
21,1,51043
53,,51043
848,,51047
716,1,51047
2,1,51049
2,,51049
47,,51051
7,1,51051
5,,51053
10,1,51053
89,,51057
57,1,51057
25204,,51059
28509,1,51059
504,1,51061
594,,51061
116,,51063
163,1,51063
289,,51065
253,1,51065
306,1,51067
435,,51067
57,1,51069
103,,51069
48,1,51071
47,,51071
402,,51073
240,1,51073
33,1,51075
42,,51075
21,,51077
5,1,51077
173,1,51079
178,,51079
85,1,51083
123,,51083
604,1,51085
913,,51085
3715,1,51087
3420,,51087
147,,51089
120,1,51089
149,1,51093
204,,51093
25,,51095
24,1,51095
258,1,51099
391,,51099
59,1,51101
75,,51101
40,1,51103
54,,51103
166,1,51105
93,,51105
7411,1,51107
9100,,51107
41,,51109
99,1,51109
24,1,51111
8,,51111
22,1,51113
36,,51113
36,1,51115
36,,51115
54,1,51117
77,,51117
50,1,51119
101,,51119
1551,1,51121
1664,,51121
61,1,51125
35,,51125
102,1,51127
136,,51127
12950,1,51131
6736,,51131
13,1,51133
10,,51133
56,1,51135
57,,51135
222,,51137
149,1,51137
1118,1,51139
1216,,51139
80,1,51141
65,,51141
229,1,51143
196,,51143
203,1,51145
268,,51145
186,1,51147
241,,51147
99,1,51149
178,,51149
4577,1,51153
6004,,51153
82,1,51155
117,,51155
37,1,51157
39,,51157
5009,1,51159
4048,,51159
2083,1,51161
2432,,51161
472,1,51163
757,,51163
553,1,51165
927,,51165
65,1,51167
118,,51167
82,1,51169
249,,51169
370,1,51171
394,,51171
77,1,51173
79,,51173
7,1,51175
3,,51175
415,1,51177
612,,51177
1108,1,51179
1337,,51179
2,1,51181
1,1,51183
2,,51183
88,1,51185
199,,51185
326,1,51187
431,,51187
182,,51191
135,1,51191
71,1,51193
72,,51193
107,1,51195
144,,51195
187,1,51197
234,,51197
4,1,51199
51,,51199
11646,1,51510
5356,,51510
229,1,51520
429,,51520
35,1,51530
39,,51530
5810,1,51540
3945,,51540
1653,1,51550
2277,,51550
443,1,51570
314,,51570
58,1,51580
70,,51580
213,1,51590
393,,51590
69,1,51595
55,,51595
350,1,51610
256,,51610
1027,1,51630
1396,,51630
195,1,51640
87,,51640
1238,1,51650
1179,,51650
2040,1,51660
1418,,51660
175,1,51670
112,,51670
420,1,51678
342,,51678
962,1,51680
1513,,51680
1162,1,51683
1241,,51683
110,1,51685
163,,51685
153,1,51690
185,,51690
1694,1,51700
2296,,51700
2576,1,51710
2634,,51710
11,1,51720
26,,51720
149,1,51730
151,,51730
244,1,51735
401,,51735
636,1,51740
588,,51740
268,,51750
147,1,51750
468,1,51775
537,,51775
334,,51790
285,1,51790
849,1,51800
1018,,51800
5023,1,51810
7431,,51810
317,1,51820
497,,51820
1858,,51830
2189,1,51830
654,1,51840
972,,51840
58,1,53001
101,,53001
21,1,53003
4,,53003
1890,1,53005
3022,,53005
799,1,53007
1206,,53007
702,1,53009
679,,53009
3487,1,53011
4060,,53011
4,1,53013
2,,53013
429,1,53015
554,,53015
237,,53017
201,1,53017
7,1,53019
10,,53019
432,1,53021
638,,53021
555,1,53025
706,,53025
310,,53027
281,1,53027
1382,1,53029
1064,,53029
494,1,53031
245,,53031
61905,1,53033
47981,,53033
2244,1,53035
2322,,53035
652,1,53037
619,,53037
60,1,53039
87,,53039
317,1,53041
309,,53041
10,1,53043
10,,53043
380,1,53045
462,,53045
219,1,53047
204,,53047
99,1,53049
92,,53049
14,1,53051
75,,53051
7236,1,53053
7634,,53053
184,1,53055
123,,53055
911,1,53057
809,,53057
42,1,53059
46,,53059
7159,1,53061
8068,,53061
5604,1,53063
6017,,53063
67,1,53065
46,,53065
2992,1,53067
2572,,53067
764,1,53071
1076,,53071
2449,1,53073
2170,,53073
1038,1,53075
1091,,53075
1753,1,53077
1817,,53077
40,,54001
91,1,54001
1064,1,54003
1355,,54003
9,1,54005
15,,54005
9,,54007
4,1,54007
1,1,54009
2,,54009
1449,1,54011
2334,,54011
2,,54013
356,,54019
161,1,54019
10,1,54021
9,,54021
10,1,54023
34,,54023
83,,54025
55,1,54025
58,1,54027
58,,54027
251,1,54029
287,,54029
71,1,54031
59,,54031
1139,,54033
1053,1,54033
71,1,54035
116,,54035
274,1,54037
320,,54037
2202,1,54039
2611,,54039
65,1,54041
48,,54041
44,1,54043
133,,54043
44,1,54045
79,,54045
30,1,54047
71,,54047
549,,54049
472,1,54049
66,,54051
24,1,54051
54,1,54053
173,,54053
469,1,54055
667,,54055
19,,54057
22,1,54057
113,1,54059
258,,54059
1317,1,54061
1541,,54061
1,,54065
133,,54067
68,1,54067
268,1,54069
452,,54069
9,1,54073
6,,54073
52,1,54075
56,,54075
112,1,54077
147,,54077
333,1,54079
785,,54079
295,1,54081
651,,54081
100,1,54083
121,,54083
66,1,54085
83,,54085
7,1,54087
20,,54087
7,1,54089
5,,54089
50,,54091
17,1,54091
24,1,54093
16,,54093
170,1,54097
174,,54097
91,1,54099
127,,54099
27,1,54103
51,,54103
8,1,54105
29,,54105
1268,,54107
703,1,54107
34,1,54109
72,,54109
86,,55001
50,1,55001
212,1,55003
120,,55003
552,,55005
389,1,55005
85,,55007
145,1,55007
1998,1,55009
3112,,55009
18,1,55011
38,,55011
62,1,55013
85,,55013
167,,55015
81,1,55015
352,1,55017
527,,55017
64,1,55019
101,,55019
429,1,55021
546,,55021
437,1,55023
169,,55023
18916,1,55025
13879,,55025
331,1,55027
492,,55027
231,1,55029
184,,55029
366,1,55031
363,,55031
523,1,55033
737,,55033
1748,1,55035
2608,,55035
1101,,55039
946,1,55039
2,,55041
1,1,55041
720,,55043
646,1,55043
197,1,55045
207,,55045
43,1,55047
92,,55047
97,,55049
113,1,55049
1,1,55051
380,1,55053
446,,55053
526,1,55055
644,,55055
156,1,55057
302,,55057
1450,1,55059
1813,,55059
85,1,55061
129,,55061
2325,1,55063
2585,,55063
76,,55065
98,1,55065
38,1,55067
119,,55067
106,1,55069
190,,55069
551,,55071
367,1,55071
1487,,55073
1226,1,55073
190,1,55075
291,,55075
108,,55077
75,1,55077
13,1,55078
13,,55078
9172,,55079
11164,1,55079
571,1,55081
736,,55081
77,1,55083
125,,55083
338,1,55085
516,,55085
1719,1,55087
2176,,55087
867,1,55089
934,,55089
41,1,55091
73,,55091
250,1,55093
341,,55093
306,1,55095
396,,55095
827,1,55097
933,,55097
45,1,55099
62,,55099
1088,1,55101
1665,,55101
106,1,55103
111,,55103
1547,1,55105
1927,,55105
85,1,55107
83,,55107
655,1,55109
815,,55109
535,1,55111
770,,55111
90,1,55113
107,,55113
148,1,55115
273,,55115
1263,1,55117
1287,,55117
41,1,55119
81,,55119
453,,55121
198,1,55121
161,,55123
252,1,55123
65,,55125
77,1,55125
976,1,55127
1411,,55127
29,,55129
20,1,55129
788,1,55131
1358,,55131
5009,,55133
3776,1,55133
360,1,55135
597,,55135
141,,55137
114,1,55137
1650,,55139
1219,1,55139
577,1,55141
989,,55141
591,1,56001
531,,56001
55,1,56003
33,,56003
268,1,56005
331,,56005
61,1,56007
72,,56007
66,1,56009
77,,56009
7,1,56011
10,,56011
183,,56013
177,1,56013
79,1,56015
60,,56015
15,1,56017
38,,56017
33,1,56019
43,,56019
874,,56021
938,1,56021
51,1,56023
65,,56023
482,1,56025
732,,56025
1,1,56027
2,,56027
199,1,56029
245,,56029
34,1,56031
29,,56031
221,1,56033
273,,56033
2,,56035
4,1,56035
636,1,56037
803,,56037
379,1,56039
1140,,56039
67,1,56041
99,,56041
30,1,56043
48,,56043
20,1,56045
25,,56045
