"date_id","agg_views","video_shortened_id","candidate"
20151001,10961,1050,"Trump"
20151001,17258,356,"Clinton"
20151001,12663,501,"Trump"
20151001,44945,703,"Clinton"
20151001,53599,619,"Trump"
20151001,12736,205,"Clinton"
20151002,11621,1050,"Trump"
20151002,12764,205,"Clinton"
20151002,13339,501,"Trump"
20151002,19387,356,"Clinton"
20151002,47145,703,"Clinton"
20151002,56314,619,"Trump"
20151003,59098,619,"Trump"
20151003,12218,1050,"Trump"
20151003,14086,501,"Trump"
20151003,12786,205,"Clinton"
20151003,12121,516,"Clinton"
20151003,21710,356,"Clinton"
20151004,191725,311,"Clinton"
20151004,61924,619,"Trump"
20151004,12816,205,"Clinton"
20151004,12727,1050,"Trump"
20151004,24120,356,"Clinton"
20151004,14863,501,"Trump"
20151005,15575,501,"Trump"
20151005,192754,311,"Clinton"
20151005,64519,619,"Trump"
20151005,13262,1050,"Trump"
20151005,12838,205,"Clinton"
20151005,25998,356,"Clinton"
20151006,13180,516,"Clinton"
20151006,16414,501,"Trump"
20151006,195798,311,"Clinton"
20151006,27022,356,"Clinton"
20151006,66575,619,"Trump"
20151006,13762,1050,"Trump"
20151007,13710,516,"Clinton"
20151007,17169,501,"Trump"
20151007,199315,311,"Clinton"
20151007,28107,356,"Clinton"
20151007,68483,619,"Trump"
20151007,14206,1050,"Trump"
20151008,29118,356,"Clinton"
20151008,14674,1050,"Trump"
20151008,14230,516,"Clinton"
20151008,17802,501,"Trump"
20151008,199884,311,"Clinton"
20151008,70496,619,"Trump"
20151009,72765,619,"Trump"
20151009,200098,311,"Clinton"
20151009,15241,1050,"Trump"
20151009,30073,356,"Clinton"
20151009,18499,501,"Trump"
20151009,58027,703,"Clinton"
20151010,59227,703,"Clinton"
20151010,75099,619,"Trump"
20151010,15732,1050,"Trump"
20151010,200279,311,"Clinton"
20151010,30986,356,"Clinton"
20151010,19224,501,"Trump"
20151011,65867,703,"Clinton"
20151011,200443,311,"Clinton"
20151011,20030,501,"Trump"
20151011,32452,356,"Clinton"
20151011,77276,619,"Trump"
20151011,16188,1050,"Trump"
20151012,75729,703,"Clinton"
20151012,20845,501,"Trump"
20151012,200652,311,"Clinton"
20151012,36689,356,"Clinton"
20151012,79545,619,"Trump"
20151012,16755,1050,"Trump"
20151013,40063,356,"Clinton"
20151013,17364,1050,"Trump"
20151013,85688,703,"Clinton"
20151013,21704,501,"Trump"
20151013,200829,311,"Clinton"
20151013,82066,619,"Trump"
20151014,84499,619,"Trump"
20151014,200952,311,"Clinton"
20151014,17928,1050,"Trump"
20151014,41994,356,"Clinton"
20151014,94238,703,"Clinton"
20151014,22573,501,"Trump"
20151015,87002,619,"Trump"
20151015,18503,1050,"Trump"
20151015,201082,311,"Clinton"
20151015,101399,703,"Clinton"
20151015,211322,987,"Clinton"
20151015,23337,501,"Trump"
20151016,24050,501,"Trump"
20151016,89527,619,"Trump"
20151016,19066,1050,"Trump"
20151016,201167,311,"Clinton"
20151016,112427,703,"Clinton"
20151016,241583,987,"Clinton"
20151017,112427,703,"Clinton"
20151017,241583,987,"Clinton"
20151017,23135,501,"Trump"
20151017,86450,619,"Trump"
20151017,17982,1050,"Trump"
20151017,201167,311,"Clinton"
20151018,17275,1050,"Trump"
20151018,201167,311,"Clinton"
20151018,112427,703,"Clinton"
20151018,241583,987,"Clinton"
20151018,22351,501,"Trump"
20151018,83430,619,"Trump"
20151019,80633,619,"Trump"
20151019,16593,1050,"Trump"
20151019,201167,311,"Clinton"
20151019,112427,703,"Clinton"
20151019,241583,987,"Clinton"
20151019,21714,501,"Trump"
20151020,77278,619,"Trump"
20151020,15753,1050,"Trump"
20151020,201164,311,"Clinton"
20151020,112427,703,"Clinton"
20151020,241583,987,"Clinton"
20151020,20804,501,"Trump"
20151021,20043,501,"Trump"
20151021,74073,619,"Trump"
20151021,15167,1050,"Trump"
20151021,172169,311,"Clinton"
20151021,112427,703,"Clinton"
20151021,241583,987,"Clinton"
20151022,112427,703,"Clinton"
20151022,241583,987,"Clinton"
20151022,19202,501,"Trump"
20151022,71511,619,"Trump"
20151022,14562,1050,"Trump"
20151022,66239,311,"Clinton"
20151023,46444,356,"Clinton"
20151023,112427,703,"Clinton"
20151023,241583,987,"Clinton"
20151023,18432,501,"Trump"
20151023,68813,619,"Trump"
20151023,13955,1050,"Trump"
20151024,46414,356,"Clinton"
20151024,13383,1050,"Trump"
20151024,112427,703,"Clinton"
20151024,241583,987,"Clinton"
20151024,17626,501,"Trump"
20151024,66154,619,"Trump"
20151025,61842,619,"Trump"
20151025,46178,356,"Clinton"
20151025,12722,1050,"Trump"
20151025,109879,703,"Clinton"
20151025,241583,987,"Clinton"
20151025,16796,501,"Trump"
20151026,54474,619,"Trump"
20151026,44006,356,"Clinton"
20151026,12022,1050,"Trump"
20151026,104105,703,"Clinton"
20151026,241583,987,"Clinton"
20151026,16107,501,"Trump"
20151027,99682,703,"Clinton"
20151027,241583,987,"Clinton"
20151027,15398,501,"Trump"
20151027,50094,619,"Trump"
20151027,41761,356,"Clinton"
20151027,11165,1050,"Trump"
20151028,94199,703,"Clinton"
20151028,241583,987,"Clinton"
20151028,14728,501,"Trump"
20151028,47068,619,"Trump"
20151028,39382,1147,"Clinton"
20151028,10455,1050,"Trump"
20151029,9809,1050,"Trump"
20151029,86367,703,"Clinton"
20151029,241583,987,"Clinton"
20151029,13866,501,"Trump"
20151029,39382,1147,"Clinton"
20151029,44278,619,"Trump"
20151030,39382,1147,"Clinton"
20151030,41257,619,"Trump"
20151030,9292,1050,"Trump"
20151030,78191,703,"Clinton"
20151030,241583,987,"Clinton"
20151030,13027,501,"Trump"
20151031,39382,1147,"Clinton"
20151031,38609,619,"Trump"
20151031,8652,1050,"Trump"
20151031,70553,703,"Clinton"
20151031,239213,987,"Clinton"
20151031,12168,501,"Trump"
20151101,11771,501,"Trump"
20151101,64383,2,"Clinton"
20151101,38797,619,"Trump"
20151101,10876,1050,"Trump"
20151101,18338,703,"Clinton"
20151101,56703,987,"Clinton"
20151102,23464,627,"Clinton"
20151102,56739,987,"Clinton"
20151102,12545,501,"Trump"
20151102,67576,2,"Clinton"
20151102,40938,619,"Trump"
20151102,11480,1050,"Trump"
20151103,12066,1050,"Trump"
20151103,56785,987,"Clinton"
20151103,13274,501,"Trump"
20151103,70771,2,"Clinton"
20151103,144202,494,"Clinton"
20151103,43118,619,"Trump"
20151104,45204,619,"Trump"
20151104,12649,1050,"Trump"
20151104,56833,987,"Clinton"
20151104,14143,501,"Trump"
20151104,74081,2,"Clinton"
20151104,149995,494,"Clinton"
20151105,153154,494,"Clinton"
20151105,47780,619,"Trump"
20151105,13172,1050,"Trump"
20151105,56875,987,"Clinton"
20151105,14782,501,"Trump"
20151105,75965,2,"Clinton"
20151106,15485,501,"Trump"
20151106,75965,2,"Clinton"
20151106,153177,494,"Clinton"
20151106,50313,619,"Trump"
20151106,13866,1050,"Trump"
20151106,56918,987,"Clinton"
20151107,56973,987,"Clinton"
20151107,16187,501,"Trump"
20151107,75965,2,"Clinton"
20151107,153208,494,"Clinton"
20151107,52600,619,"Trump"
20151107,14971,1050,"Trump"
20151108,57028,987,"Clinton"
20151108,16900,501,"Trump"
20151108,75965,2,"Clinton"
20151108,153244,494,"Clinton"
20151108,54701,619,"Trump"
20151108,15693,1050,"Trump"
20151109,16556,1050,"Trump"
20151109,57071,987,"Clinton"
20151109,17495,501,"Trump"
20151109,75965,2,"Clinton"
20151109,153268,494,"Clinton"
20151109,56652,619,"Trump"
20151110,58510,619,"Trump"
20151110,17420,1050,"Trump"
20151110,57121,987,"Clinton"
20151110,18064,501,"Trump"
20151110,75965,2,"Clinton"
20151110,153294,494,"Clinton"
20151111,75965,2,"Clinton"
20151111,153312,494,"Clinton"
20151111,60329,619,"Trump"
20151111,18256,1050,"Trump"
20151111,57150,987,"Clinton"
20151111,18580,501,"Trump"
20151112,57187,987,"Clinton"
20151112,19107,501,"Trump"
20151112,75965,2,"Clinton"
20151112,153327,494,"Clinton"
20151112,62200,619,"Trump"
20151112,19014,1050,"Trump"
20151113,57224,987,"Clinton"
20151113,19672,501,"Trump"
20151113,75965,2,"Clinton"
20151113,153347,494,"Clinton"
20151113,64117,619,"Trump"
20151113,19673,1050,"Trump"
20151114,20364,1050,"Trump"
20151114,57266,987,"Clinton"
20151114,20226,501,"Trump"
20151114,75965,2,"Clinton"
20151114,153375,494,"Clinton"
20151114,66250,619,"Trump"
20151115,68202,619,"Trump"
20151115,20935,1050,"Trump"
20151115,57308,987,"Clinton"
20151115,20911,501,"Trump"
20151115,75965,2,"Clinton"
20151115,153390,494,"Clinton"
20151116,75965,2,"Clinton"
20151116,153390,494,"Clinton"
20151116,68202,619,"Trump"
20151116,20935,1050,"Trump"
20151116,57308,987,"Clinton"
20151116,20911,501,"Trump"
20151117,20166,501,"Trump"
20151117,29434,6,"Clinton"
20151117,153390,494,"Clinton"
20151117,69498,2,"Clinton"
20151117,65635,619,"Trump"
20151117,20278,1050,"Trump"
20151118,19464,501,"Trump"
20151118,153390,494,"Clinton"
20151118,29434,6,"Clinton"
20151118,63212,619,"Trump"
20151118,66470,2,"Clinton"
20151118,19739,1050,"Trump"
20151119,19126,1050,"Trump"
20151119,63214,2,"Clinton"
20151119,18685,501,"Trump"
20151119,149217,494,"Clinton"
20151119,60762,619,"Trump"
20151119,29434,6,"Clinton"
20151120,58635,619,"Trump"
20151120,18379,1050,"Trump"
20151120,16830,6,"Clinton"
20151120,58541,2,"Clinton"
20151120,17962,501,"Trump"
20151120,136314,494,"Clinton"
20151121,122371,494,"Clinton"
20151121,56392,619,"Trump"
20151121,17672,1050,"Trump"
20151121,9299,6,"Clinton"
20151121,17173,501,"Trump"
20151121,11134,958,"Clinton"
20151122,16488,501,"Trump"
20151122,11125,958,"Clinton"
20151122,108475,494,"Clinton"
20151122,54382,619,"Trump"
20151122,17031,1050,"Trump"
20151122,7777,6,"Clinton"
20151123,45870,2,"Clinton"
20151123,15782,501,"Trump"
20151123,11122,958,"Clinton"
20151123,95125,494,"Clinton"
20151123,51823,619,"Trump"
20151123,16363,1050,"Trump"
20151124,14984,501,"Trump"
20151124,11103,958,"Clinton"
20151124,82117,494,"Clinton"
20151124,7408,207,"Clinton"
20151124,49418,619,"Trump"
20151124,15613,1050,"Trump"
20151125,15072,1050,"Trump"
20151125,14338,501,"Trump"
20151125,11088,958,"Clinton"
20151125,67542,494,"Clinton"
20151125,7407,207,"Clinton"
20151125,47112,619,"Trump"
20151126,7403,207,"Clinton"
20151126,44498,619,"Trump"
20151126,14492,1050,"Trump"
20151126,13640,501,"Trump"
20151126,11060,958,"Clinton"
20151126,54672,494,"Clinton"
20151127,11048,958,"Clinton"
20151127,47984,494,"Clinton"
20151127,13325,962,"Clinton"
20151127,41877,619,"Trump"
20151127,13843,1050,"Trump"
20151127,12880,501,"Trump"
20151128,12189,501,"Trump"
20151128,42664,494,"Clinton"
20151128,13325,962,"Clinton"
20151128,39224,619,"Trump"
20151128,11046,958,"Clinton"
20151128,12818,1050,"Trump"
20151129,13325,962,"Clinton"
20151129,11461,501,"Trump"
20151129,37214,494,"Clinton"
20151129,37296,619,"Trump"
20151129,11037,958,"Clinton"
20151129,12128,1050,"Trump"
20151130,11326,1050,"Trump"
20151130,13325,962,"Clinton"
20151130,10620,501,"Trump"
20151130,4058,442,"Clinton"
20151130,33925,619,"Trump"
20151130,31882,494,"Clinton"
20151201,35296,619,"Trump"
20151201,36452,535,"Clinton"
20151201,5071,6,"Clinton"
20151201,13000,1050,"Trump"
20151201,233148,185,"Clinton"
20151201,17173,501,"Trump"
20151202,39749,619,"Trump"
20151202,36545,535,"Clinton"
20151202,5995,6,"Clinton"
20151202,14089,1050,"Trump"
20151202,243961,185,"Clinton"
20151202,18174,501,"Trump"
20151203,19037,501,"Trump"
20151203,43209,619,"Trump"
20151203,36632,535,"Clinton"
20151203,6108,6,"Clinton"
20151203,15338,1050,"Trump"
20151203,254067,185,"Clinton"
20151204,19828,501,"Trump"
20151204,36252,615,"Clinton"
20151204,46236,619,"Trump"
20151204,36699,535,"Clinton"
20151204,16534,1050,"Trump"
20151204,263564,185,"Clinton"
20151205,17787,1050,"Trump"
20151205,272868,185,"Clinton"
20151205,20710,501,"Trump"
20151205,36721,615,"Clinton"
20151205,49592,619,"Trump"
20151205,36828,535,"Clinton"
20151206,52340,619,"Trump"
20151206,36905,535,"Clinton"
20151206,18981,1050,"Trump"
20151206,277046,185,"Clinton"
20151206,21622,501,"Trump"
20151206,36828,615,"Clinton"
20151207,55676,619,"Trump"
20151207,36978,535,"Clinton"
20151207,20136,1050,"Trump"
20151207,277048,185,"Clinton"
20151207,22544,501,"Trump"
20151207,36940,615,"Clinton"
20151208,37040,615,"Clinton"
20151208,58494,619,"Trump"
20151208,37071,535,"Clinton"
20151208,21371,1050,"Trump"
20151208,277050,185,"Clinton"
20151208,23414,501,"Trump"
20151209,37101,615,"Clinton"
20151209,60772,619,"Trump"
20151209,37106,535,"Clinton"
20151209,22385,1050,"Trump"
20151209,277050,185,"Clinton"
20151209,24173,501,"Trump"
20151210,277050,185,"Clinton"
20151210,24733,501,"Trump"
20151210,37174,615,"Clinton"
20151210,63324,619,"Trump"
20151210,37145,535,"Clinton"
20151210,23187,1050,"Trump"
20151211,24156,1050,"Trump"
20151211,277050,185,"Clinton"
20151211,25397,501,"Trump"
20151211,37243,615,"Clinton"
20151211,65581,619,"Trump"
20151211,37616,535,"Clinton"
20151212,68096,619,"Trump"
20151212,37838,535,"Clinton"
20151212,25106,1050,"Trump"
20151212,277050,185,"Clinton"
20151212,25976,501,"Trump"
20151212,37295,615,"Clinton"
20151213,37385,615,"Clinton"
20151213,37965,535,"Clinton"
20151213,70531,619,"Trump"
20151213,26156,1050,"Trump"
20151213,277050,185,"Clinton"
20151213,26686,501,"Trump"
20151214,37464,615,"Clinton"
20151214,38037,535,"Clinton"
20151214,73530,619,"Trump"
20151214,27280,1050,"Trump"
20151214,277050,185,"Clinton"
20151214,27405,501,"Trump"
20151215,28099,501,"Trump"
20151215,37535,615,"Clinton"
20151215,38096,535,"Clinton"
20151215,79518,619,"Trump"
20151215,28418,1050,"Trump"
20151215,277050,185,"Clinton"
20151216,29326,1050,"Trump"
20151216,277051,185,"Clinton"
20151216,28783,501,"Trump"
20151216,37617,615,"Clinton"
20151216,38138,535,"Clinton"
20151216,82499,619,"Trump"
20151217,31765,535,"Clinton"
20151217,80602,619,"Trump"
20151217,28745,1050,"Trump"
20151217,264253,185,"Clinton"
20151217,28066,501,"Trump"
20151217,37617,615,"Clinton"
20151218,20884,535,"Clinton"
20151218,78897,619,"Trump"
20151218,28122,1050,"Trump"
20151218,250428,185,"Clinton"
20151218,27359,501,"Trump"
20151218,37617,615,"Clinton"
20151219,37617,615,"Clinton"
20151219,13548,535,"Clinton"
20151219,77274,619,"Trump"
20151219,27453,1050,"Trump"
20151219,237583,185,"Clinton"
20151219,26669,501,"Trump"
20151220,25989,501,"Trump"
20151220,37616,615,"Clinton"
20151220,75394,619,"Trump"
20151220,8448,535,"Clinton"
20151220,26816,1050,"Trump"
20151220,225648,185,"Clinton"
20151221,26160,1050,"Trump"
20151221,212164,185,"Clinton"
20151221,25275,501,"Trump"
20151221,6456,198,"Clinton"
20151221,37609,615,"Clinton"
20151221,73462,619,"Trump"
20151222,71169,619,"Trump"
20151222,25514,1050,"Trump"
20151222,24487,501,"Trump"
20151222,198644,185,"Clinton"
20151222,6346,198,"Clinton"
20151222,36923,615,"Clinton"
20151223,6274,198,"Clinton"
20151223,69263,619,"Trump"
20151223,24872,1050,"Trump"
20151223,23393,501,"Trump"
20151223,183633,185,"Clinton"
20151223,32037,615,"Clinton"
20151224,20877,615,"Clinton"
20151224,167998,185,"Clinton"
20151224,67120,619,"Trump"
20151224,23994,1050,"Trump"
20151224,21507,501,"Trump"
20151224,6189,6,"Clinton"
20151225,6186,6,"Clinton"
20151225,13452,615,"Clinton"
20151225,152503,185,"Clinton"
20151225,64689,619,"Trump"
20151225,23127,1050,"Trump"
20151225,19733,501,"Trump"
20151226,18237,501,"Trump"
20151226,6181,6,"Clinton"
20151226,8924,615,"Clinton"
20151226,137834,185,"Clinton"
20151226,62568,619,"Trump"
20151226,22179,1050,"Trump"
20151227,21308,1050,"Trump"
20151227,17036,501,"Trump"
20151227,6177,6,"Clinton"
20151227,6633,615,"Clinton"
20151227,5014,198,"Clinton"
20151227,60586,619,"Trump"
20151228,58030,619,"Trump"
20151228,20211,1050,"Trump"
20151228,16013,501,"Trump"
20151228,6159,6,"Clinton"
20151228,5256,615,"Clinton"
20151228,106447,185,"Clinton"
20151229,4817,198,"Clinton"
20151229,55545,619,"Trump"
20151229,4486,1102,"Clinton"
20151229,19316,1050,"Trump"
20151229,15074,501,"Trump"
20151229,4743,20,"Clinton"
20151230,72963,185,"Clinton"
20151230,53521,619,"Trump"
20151230,4791,198,"Clinton"
20151230,18509,1050,"Trump"
20151230,14111,501,"Trump"
20151230,4743,20,"Clinton"
20151231,12889,501,"Trump"
20151231,4743,20,"Clinton"
20151231,51309,619,"Trump"
20151231,55475,185,"Clinton"
20151231,17459,1050,"Trump"
20151231,4771,198,"Clinton"
20160101,4937,598,"Clinton"
20160101,18471,1050,"Trump"
20160101,6555,198,"Clinton"
20160101,12135,821,"Clinton"
20160101,13814,501,"Trump"
20160101,59199,619,"Trump"
20160102,62824,619,"Trump"
20160102,4985,598,"Clinton"
20160102,20187,1050,"Trump"
20160102,6831,198,"Clinton"
20160102,12227,821,"Clinton"
20160102,14796,501,"Trump"
20160103,66305,619,"Trump"
20160103,98403,1015,"Clinton"
20160103,21706,1050,"Trump"
20160103,6988,198,"Clinton"
20160103,12334,821,"Clinton"
20160103,16174,501,"Trump"
20160104,69550,619,"Trump"
20160104,11733,625,"Clinton"
20160104,106920,1015,"Clinton"
20160104,22933,1050,"Trump"
20160104,12424,821,"Clinton"
20160104,17302,501,"Trump"
20160105,18317,501,"Trump"
20160105,73435,619,"Trump"
20160105,11855,625,"Clinton"
20160105,114345,1015,"Clinton"
20160105,24104,1050,"Trump"
20160105,12499,821,"Clinton"
20160106,25954,1050,"Trump"
20160106,12671,821,"Clinton"
20160106,19234,501,"Trump"
20160106,76663,619,"Trump"
20160106,12197,625,"Clinton"
20160106,119300,1015,"Clinton"
20160107,123975,1015,"Clinton"
20160107,27519,1050,"Trump"
20160107,12881,821,"Clinton"
20160107,20491,501,"Trump"
20160107,79866,619,"Trump"
20160107,12436,625,"Clinton"
20160108,128295,1015,"Clinton"
20160108,93717,109,"Clinton"
20160108,29032,1050,"Trump"
20160108,13004,821,"Clinton"
20160108,21815,501,"Trump"
20160108,83404,619,"Trump"
20160109,86521,619,"Trump"
20160109,132047,1015,"Clinton"
20160109,93795,109,"Clinton"
20160109,30374,1050,"Trump"
20160109,13131,821,"Clinton"
20160109,22881,501,"Trump"
20160110,90052,619,"Trump"
20160110,133345,1015,"Clinton"
20160110,94099,109,"Clinton"
20160110,31526,1050,"Trump"
20160110,13230,821,"Clinton"
20160110,23931,501,"Trump"
20160111,13338,821,"Clinton"
20160111,25103,501,"Trump"
20160111,93499,619,"Trump"
20160111,133349,1015,"Clinton"
20160111,94199,109,"Clinton"
20160111,32747,1050,"Trump"
20160112,133350,1015,"Clinton"
20160112,94352,109,"Clinton"
20160112,34081,1050,"Trump"
20160112,34716,867,"Clinton"
20160112,26317,501,"Trump"
20160112,97028,619,"Trump"
20160113,133350,1015,"Clinton"
20160113,94471,109,"Clinton"
20160113,35343,1050,"Trump"
20160113,35126,867,"Clinton"
20160113,27626,501,"Trump"
20160113,102803,619,"Trump"
20160114,107287,619,"Trump"
20160114,133350,1015,"Clinton"
20160114,94566,109,"Clinton"
20160114,36653,1050,"Trump"
20160114,35368,867,"Clinton"
20160114,28803,501,"Trump"
20160115,112932,619,"Trump"
20160115,133350,1015,"Clinton"
20160115,53198,1075,"Clinton"
20160115,94620,109,"Clinton"
20160115,38160,1050,"Trump"
20160115,29960,501,"Trump"
20160116,39894,1050,"Trump"
20160116,123419,619,"Trump"
20160116,133351,1015,"Clinton"
20160116,94747,109,"Clinton"
20160116,209534,1070,"Trump"
20160116,53200,1075,"Clinton"
20160117,94747,109,"Clinton"
20160117,133351,1015,"Clinton"
20160117,209534,1070,"Trump"
20160117,53200,1075,"Clinton"
20160117,38915,1050,"Trump"
20160117,119891,619,"Trump"
20160118,94747,109,"Clinton"
20160118,133351,1015,"Clinton"
20160118,209534,1070,"Trump"
20160118,53200,1075,"Clinton"
20160118,112988,619,"Trump"
20160118,37933,1050,"Trump"
20160119,108637,619,"Trump"
20160119,209534,1070,"Trump"
20160119,133350,1015,"Clinton"
20160119,36932,1050,"Trump"
20160119,94747,109,"Clinton"
20160119,53200,1075,"Clinton"
20160120,105756,619,"Trump"
20160120,133349,1015,"Clinton"
20160120,209534,1070,"Trump"
20160120,53200,1075,"Clinton"
20160120,94747,109,"Clinton"
20160120,35811,1050,"Trump"
20160121,103157,619,"Trump"
20160121,130909,1015,"Clinton"
20160121,94747,109,"Clinton"
20160121,209534,1070,"Trump"
20160121,53200,1075,"Clinton"
20160121,34811,1050,"Trump"
20160122,125689,1015,"Clinton"
20160122,209534,1070,"Trump"
20160122,53200,1075,"Clinton"
20160122,74079,1027,"Trump"
20160122,100017,619,"Trump"
20160122,94747,109,"Clinton"
20160123,94747,109,"Clinton"
20160123,119429,1015,"Clinton"
20160123,74079,1027,"Trump"
20160123,53200,1075,"Clinton"
20160123,209534,1070,"Trump"
20160123,96874,619,"Trump"
20160124,209534,1070,"Trump"
20160124,94732,109,"Clinton"
20160124,53200,1075,"Clinton"
20160124,74079,1027,"Trump"
20160124,93101,619,"Trump"
20160124,112796,1015,"Clinton"
20160125,89468,619,"Trump"
20160125,106355,1015,"Clinton"
20160125,74079,1027,"Trump"
20160125,53200,1075,"Clinton"
20160125,209534,1070,"Trump"
20160125,68336,109,"Clinton"
20160126,85681,619,"Trump"
20160126,53200,1075,"Clinton"
20160126,74079,1027,"Trump"
20160126,99922,1015,"Clinton"
20160126,42839,434,"Clinton"
20160126,209534,1070,"Trump"
20160127,42839,434,"Clinton"
20160127,74079,1027,"Trump"
20160127,209534,1070,"Trump"
20160127,82631,619,"Trump"
20160127,39982,915,"Clinton"
20160127,92949,1015,"Clinton"
20160128,39982,915,"Clinton"
20160128,83572,1015,"Clinton"
20160128,42839,434,"Clinton"
20160128,74079,1027,"Trump"
20160128,209534,1070,"Trump"
20160128,79458,619,"Trump"
20160129,39982,915,"Clinton"
20160129,53200,1075,"Clinton"
20160129,42839,434,"Clinton"
20160129,209534,1070,"Trump"
20160129,76201,619,"Trump"
20160129,74079,1027,"Trump"
20160130,72460,619,"Trump"
20160130,74079,1027,"Trump"
20160130,209534,1070,"Trump"
20160130,39982,915,"Clinton"
20160130,53200,1075,"Clinton"
20160130,42839,434,"Clinton"
20160131,68236,619,"Trump"
20160131,74079,1027,"Trump"
20160131,50615,1075,"Clinton"
20160131,209534,1070,"Trump"
20160131,42839,434,"Clinton"
20160131,55348,1015,"Clinton"
20160201,53484,161,"Trump"
20160201,147772,619,"Trump"
20160201,14936,915,"Clinton"
20160201,14859,1164,"Clinton"
20160201,49113,350,"Clinton"
20160201,24333,1050,"Trump"
20160202,25888,1050,"Trump"
20160202,53776,161,"Trump"
20160202,151127,619,"Trump"
20160202,15399,915,"Clinton"
20160202,14875,1164,"Clinton"
20160202,58824,350,"Clinton"
20160203,23291,1220,"Clinton"
20160203,27448,1050,"Trump"
20160203,54111,161,"Trump"
20160203,156643,619,"Trump"
20160203,15418,434,"Clinton"
20160203,19116,915,"Clinton"
20160204,160911,619,"Trump"
20160204,17630,533,"Clinton"
20160204,21795,915,"Clinton"
20160204,23361,1220,"Clinton"
20160204,28861,1050,"Trump"
20160204,54606,161,"Trump"
20160205,164878,619,"Trump"
20160205,17685,533,"Clinton"
20160205,23257,915,"Clinton"
20160205,23415,1220,"Clinton"
20160205,30623,1050,"Trump"
20160205,54812,161,"Trump"
20160206,169383,619,"Trump"
20160206,17816,434,"Clinton"
20160206,24517,915,"Clinton"
20160206,23440,1220,"Clinton"
20160206,34179,1050,"Trump"
20160206,55667,161,"Trump"
20160207,36964,1050,"Trump"
20160207,56485,161,"Trump"
20160207,173603,619,"Trump"
20160207,19016,434,"Clinton"
20160207,25645,915,"Clinton"
20160207,23483,1220,"Clinton"
20160208,59597,350,"Clinton"
20160208,39214,1050,"Trump"
20160208,57051,161,"Trump"
20160208,177956,619,"Trump"
20160208,26388,915,"Clinton"
20160208,23502,1220,"Clinton"
20160209,26857,915,"Clinton"
20160209,23514,1220,"Clinton"
20160209,43937,1050,"Trump"
20160209,57465,161,"Trump"
20160209,20975,434,"Clinton"
20160209,183813,619,"Trump"
20160210,21990,434,"Clinton"
20160210,189033,619,"Trump"
20160210,27270,915,"Clinton"
20160210,23532,1220,"Clinton"
20160210,46987,1050,"Trump"
20160210,57705,161,"Trump"
20160211,59635,350,"Clinton"
20160211,194741,619,"Trump"
20160211,27676,915,"Clinton"
20160211,23548,1220,"Clinton"
20160211,50396,1050,"Trump"
20160211,57921,161,"Trump"
20160212,23794,434,"Clinton"
20160212,58148,161,"Trump"
20160212,59635,350,"Clinton"
20160212,208793,619,"Trump"
20160212,28086,915,"Clinton"
20160212,53938,1050,"Trump"
20160213,57072,1050,"Trump"
20160213,24541,434,"Clinton"
20160213,58388,161,"Trump"
20160213,59635,350,"Clinton"
20160213,230276,619,"Trump"
20160213,28494,915,"Clinton"
20160214,28905,915,"Clinton"
20160214,59759,1050,"Trump"
20160214,25546,434,"Clinton"
20160214,58769,161,"Trump"
20160214,59635,350,"Clinton"
20160214,238026,619,"Trump"
20160215,238026,619,"Trump"
20160215,28905,915,"Clinton"
20160215,59759,1050,"Trump"
20160215,25546,434,"Clinton"
20160215,58769,161,"Trump"
20160215,59635,350,"Clinton"
20160216,59635,350,"Clinton"
20160216,238026,619,"Trump"
20160216,28905,915,"Clinton"
20160216,59759,1050,"Trump"
20160216,25546,434,"Clinton"
20160216,58769,161,"Trump"
20160217,39762,501,"Trump"
20160217,59635,350,"Clinton"
20160217,198733,619,"Trump"
20160217,24756,915,"Clinton"
20160217,160172,82,"Clinton"
20160217,58416,1050,"Trump"
20160218,54293,964,"Clinton"
20160218,57004,1050,"Trump"
20160218,38652,501,"Trump"
20160218,59634,350,"Clinton"
20160218,166275,619,"Trump"
20160218,160172,82,"Clinton"
20160219,55530,1050,"Trump"
20160219,160172,82,"Clinton"
20160219,54293,964,"Clinton"
20160219,37666,501,"Trump"
20160219,59634,350,"Clinton"
20160219,149857,619,"Trump"
20160220,141735,619,"Trump"
20160220,54105,1050,"Trump"
20160220,160172,82,"Clinton"
20160220,54293,964,"Clinton"
20160220,36717,501,"Trump"
20160220,59634,350,"Clinton"
20160221,59634,350,"Clinton"
20160221,137184,619,"Trump"
20160221,36390,346,"Trump"
20160221,52189,1050,"Trump"
20160221,160172,82,"Clinton"
20160221,54293,964,"Clinton"
20160222,59634,350,"Clinton"
20160222,129640,619,"Trump"
20160222,36390,346,"Trump"
20160222,50313,1050,"Trump"
20160222,160172,82,"Clinton"
20160222,54293,964,"Clinton"
20160223,124626,619,"Trump"
20160223,36390,346,"Trump"
20160223,48953,1050,"Trump"
20160223,160172,82,"Clinton"
20160223,42547,450,"Clinton"
20160223,54293,964,"Clinton"
20160224,160172,82,"Clinton"
20160224,59633,350,"Clinton"
20160224,140679,1167,"Clinton"
20160224,120907,619,"Trump"
20160224,36390,346,"Trump"
20160224,47661,1050,"Trump"
20160225,36390,346,"Trump"
20160225,46223,1050,"Trump"
20160225,54293,964,"Clinton"
20160225,160172,82,"Clinton"
20160225,140679,1167,"Clinton"
20160225,117249,619,"Trump"
20160226,140679,1167,"Clinton"
20160226,112451,619,"Trump"
20160226,36390,346,"Trump"
20160226,44685,1050,"Trump"
20160226,160172,82,"Clinton"
20160226,59633,350,"Clinton"
20160227,140679,1167,"Clinton"
20160227,54293,964,"Clinton"
20160227,108474,619,"Trump"
20160227,36390,346,"Trump"
20160227,43366,1050,"Trump"
20160227,160172,82,"Clinton"
20160228,140679,1167,"Clinton"
20160228,54293,964,"Clinton"
20160228,105056,619,"Trump"
20160228,36390,346,"Trump"
20160228,41720,1050,"Trump"
20160228,160172,82,"Clinton"
20160229,140679,1167,"Clinton"
20160229,54293,964,"Clinton"
20160229,101738,619,"Trump"
20160229,36390,346,"Trump"
20160229,40073,1050,"Trump"
20160229,160172,82,"Clinton"
20160301,50728,1050,"Trump"
20160301,18806,434,"Clinton"
20160301,8720,288,"Clinton"
20160301,39484,501,"Trump"
20160301,210606,619,"Trump"
20160301,14958,964,"Clinton"
20160302,8769,288,"Clinton"
20160302,41620,501,"Trump"
20160302,218347,619,"Trump"
20160302,15596,964,"Clinton"
20160302,52837,1050,"Trump"
20160302,19570,434,"Clinton"
20160303,9291,82,"Clinton"
20160303,44876,501,"Trump"
20160303,227245,619,"Trump"
20160303,16076,964,"Clinton"
20160303,55056,1050,"Trump"
20160303,20182,434,"Clinton"
20160304,9629,82,"Clinton"
20160304,46871,501,"Trump"
20160304,236275,619,"Trump"
20160304,16452,964,"Clinton"
20160304,57056,1050,"Trump"
20160304,20644,434,"Clinton"
20160305,9948,82,"Clinton"
20160305,48684,501,"Trump"
20160305,244435,619,"Trump"
20160305,16855,964,"Clinton"
20160305,59037,1050,"Trump"
20160305,21123,434,"Clinton"
20160306,61813,1050,"Trump"
20160306,21621,434,"Clinton"
20160306,10370,82,"Clinton"
20160306,50131,501,"Trump"
20160306,252658,619,"Trump"
20160306,17235,964,"Clinton"
20160307,258849,619,"Trump"
20160307,17825,964,"Clinton"
20160307,68576,683,"Trump"
20160307,22135,434,"Clinton"
20160307,10858,82,"Clinton"
20160307,369294,504,"Trump"
20160308,11136,82,"Clinton"
20160308,370067,504,"Trump"
20160308,18258,964,"Clinton"
20160308,264859,619,"Trump"
20160308,22703,434,"Clinton"
20160308,68689,683,"Trump"
20160309,70863,1050,"Trump"
20160309,370700,504,"Trump"
20160309,157790,1036,"Clinton"
20160309,18566,964,"Clinton"
20160309,25558,434,"Clinton"
20160309,270964,619,"Trump"
20160310,73418,1050,"Trump"
20160310,371253,504,"Trump"
20160310,158402,1036,"Clinton"
20160310,29895,434,"Clinton"
20160310,276562,619,"Trump"
20160310,18805,964,"Clinton"
20160311,31720,434,"Clinton"
20160311,282223,619,"Trump"
20160311,159024,1036,"Clinton"
20160311,19033,964,"Clinton"
20160311,76423,1050,"Trump"
20160311,371743,504,"Trump"
20160312,32232,434,"Clinton"
20160312,287747,619,"Trump"
20160312,159646,1036,"Clinton"
20160312,19307,964,"Clinton"
20160312,79352,1050,"Trump"
20160312,372281,504,"Trump"
20160313,160209,1036,"Clinton"
20160313,372875,504,"Trump"
20160313,32846,434,"Clinton"
20160313,293546,619,"Trump"
20160313,19638,964,"Clinton"
20160313,82498,1050,"Trump"
20160314,85434,1050,"Trump"
20160314,20428,964,"Clinton"
20160314,373408,504,"Trump"
20160314,160696,1036,"Clinton"
20160314,33322,434,"Clinton"
20160314,298512,619,"Trump"
20160315,88099,1050,"Trump"
20160315,373875,504,"Trump"
20160315,161376,1036,"Clinton"
20160315,34698,434,"Clinton"
20160315,21093,964,"Clinton"
20160315,303346,619,"Trump"
20160316,162224,1036,"Clinton"
20160316,306927,619,"Trump"
20160316,349887,201,"Clinton"
20160316,90224,1050,"Trump"
20160316,374431,504,"Trump"
20160316,36152,434,"Clinton"
20160317,34730,434,"Clinton"
20160317,162224,1036,"Clinton"
20160317,297923,619,"Trump"
20160317,349887,201,"Clinton"
20160317,86801,1050,"Trump"
20160317,374431,504,"Trump"
20160318,374431,504,"Trump"
20160318,33856,434,"Clinton"
20160318,162224,1036,"Clinton"
20160318,250479,619,"Trump"
20160318,349887,201,"Clinton"
20160318,83205,1050,"Trump"
20160319,79567,1050,"Trump"
20160319,374431,504,"Trump"
20160319,33207,434,"Clinton"
20160319,162224,1036,"Clinton"
20160319,233186,619,"Trump"
20160319,349887,201,"Clinton"
20160320,76183,1050,"Trump"
20160320,374431,504,"Trump"
20160320,29752,434,"Clinton"
20160320,162224,1036,"Clinton"
20160320,223636,619,"Trump"
20160320,349887,201,"Clinton"
20160321,214330,619,"Trump"
20160321,349887,201,"Clinton"
20160321,72210,1050,"Trump"
20160321,374431,504,"Trump"
20160321,27103,434,"Clinton"
20160321,162224,1036,"Clinton"
20160322,26494,434,"Clinton"
20160322,162224,1036,"Clinton"
20160322,69104,683,"Trump"
20160322,349887,201,"Clinton"
20160322,197297,619,"Trump"
20160322,374431,504,"Trump"
20160323,25141,434,"Clinton"
20160323,162224,1036,"Clinton"
20160323,349887,201,"Clinton"
20160323,185653,619,"Trump"
20160323,65434,1050,"Trump"
20160323,308762,504,"Trump"
20160324,96593,504,"Trump"
20160324,24343,434,"Clinton"
20160324,162224,1036,"Clinton"
20160324,349887,201,"Clinton"
20160324,176276,619,"Trump"
20160324,62529,1050,"Trump"
20160325,59114,1050,"Trump"
20160325,42135,504,"Trump"
20160325,23681,434,"Clinton"
20160325,162221,1036,"Clinton"
20160325,349887,201,"Clinton"
20160325,165545,619,"Trump"
20160326,349887,201,"Clinton"
20160326,157003,619,"Trump"
20160326,56080,1050,"Trump"
20160326,37074,501,"Trump"
20160326,22681,434,"Clinton"
20160326,124734,1036,"Clinton"
20160327,21666,434,"Clinton"
20160327,44184,1036,"Clinton"
20160327,349887,201,"Clinton"
20160327,144993,619,"Trump"
20160327,53301,1050,"Trump"
20160327,35373,501,"Trump"
20160328,21092,434,"Clinton"
20160328,27559,1036,"Clinton"
20160328,349887,201,"Clinton"
20160328,132849,619,"Trump"
20160328,51117,1050,"Trump"
20160328,33198,501,"Trump"
20160329,31069,501,"Trump"
20160329,20859,1036,"Clinton"
20160329,349887,201,"Clinton"
20160329,123568,619,"Trump"
20160329,54764,783,"Clinton"
20160329,48586,1050,"Trump"
20160330,29312,446,"Trump"
20160330,19333,434,"Clinton"
20160330,349887,201,"Clinton"
20160330,114193,619,"Trump"
20160330,54764,783,"Clinton"
20160330,46199,1050,"Trump"
20160331,349887,201,"Clinton"
20160331,25903,36,"Trump"
20160331,103415,619,"Trump"
20160331,54764,783,"Clinton"
20160331,43316,1050,"Trump"
20160331,18259,434,"Clinton"
20160401,36114,908,"Trump"
20160401,44070,619,"Trump"
20160401,11300,783,"Clinton"
20160401,33238,1050,"Trump"
20160401,10159,1036,"Clinton"
20160401,19091,984,"Clinton"
20160402,10522,1036,"Clinton"
20160402,19431,984,"Clinton"
20160402,36116,908,"Trump"
20160402,46126,619,"Trump"
20160402,11327,783,"Clinton"
20160402,35591,1050,"Trump"
20160403,19792,984,"Clinton"
20160403,11016,1036,"Clinton"
20160403,36122,908,"Trump"
20160403,48332,619,"Trump"
20160403,11372,783,"Clinton"
20160403,37266,1050,"Trump"
20160404,20179,984,"Clinton"
20160404,36130,908,"Trump"
20160404,53234,619,"Trump"
20160404,11417,783,"Clinton"
20160404,39258,1050,"Trump"
20160404,11548,1036,"Clinton"
20160405,36133,908,"Trump"
20160405,56842,619,"Trump"
20160405,41324,1050,"Trump"
20160405,11998,1036,"Clinton"
20160405,20485,984,"Clinton"
20160405,12055,434,"Clinton"
20160406,36138,908,"Trump"
20160406,60565,619,"Trump"
20160406,43398,1050,"Trump"
20160406,20735,984,"Clinton"
20160406,12321,1036,"Clinton"
20160406,13309,434,"Clinton"
20160407,20969,984,"Clinton"
20160407,14654,434,"Clinton"
20160407,36138,908,"Trump"
20160407,63084,619,"Trump"
20160407,45596,1050,"Trump"
20160407,12604,1036,"Clinton"
20160408,12884,1036,"Clinton"
20160408,14966,434,"Clinton"
20160408,21179,984,"Clinton"
20160408,36141,908,"Trump"
20160408,65358,619,"Trump"
20160408,48217,1050,"Trump"
20160409,15362,434,"Clinton"
20160409,21403,984,"Clinton"
20160409,36142,908,"Trump"
20160409,68045,619,"Trump"
20160409,13189,1036,"Clinton"
20160409,50825,1050,"Trump"
20160410,21670,984,"Clinton"
20160410,52997,1050,"Trump"
20160410,63357,1262,"Clinton"
20160410,15955,434,"Clinton"
20160410,36144,908,"Trump"
20160410,71529,619,"Trump"
20160411,36144,908,"Trump"
20160411,74461,619,"Trump"
20160411,21964,984,"Clinton"
20160411,55504,1050,"Trump"
20160411,63605,1262,"Clinton"
20160411,16617,434,"Clinton"
20160412,19503,453,"Clinton"
20160412,36145,908,"Trump"
20160412,76822,619,"Trump"
20160412,22302,984,"Clinton"
20160412,58068,1050,"Trump"
20160412,63772,1262,"Clinton"
20160413,63983,1262,"Clinton"
20160413,17538,434,"Clinton"
20160413,36146,908,"Trump"
20160413,79318,619,"Trump"
20160413,22599,984,"Clinton"
20160413,60514,1050,"Trump"
20160414,64130,1262,"Clinton"
20160414,17925,434,"Clinton"
20160414,36146,908,"Trump"
20160414,82264,619,"Trump"
20160414,22825,984,"Clinton"
20160414,63589,1050,"Trump"
20160415,50500,591,"Clinton"
20160415,64245,1262,"Clinton"
20160415,36147,908,"Trump"
20160415,84427,619,"Trump"
20160415,23010,984,"Clinton"
20160415,67690,1050,"Trump"
20160416,36147,908,"Trump"
20160416,84427,619,"Trump"
20160416,23010,984,"Clinton"
20160416,67690,1050,"Trump"
20160416,19660,1036,"Clinton"
20160416,64245,1262,"Clinton"
20160417,35862,908,"Trump"
20160417,81463,619,"Trump"
20160417,65671,1050,"Trump"
20160417,22780,984,"Clinton"
20160417,18951,1036,"Clinton"
20160417,64245,1262,"Clinton"
20160418,64245,1262,"Clinton"
20160418,50500,591,"Clinton"
20160418,35573,908,"Trump"
20160418,77953,619,"Trump"
20160418,63211,1050,"Trump"
20160418,22582,984,"Clinton"
20160419,22367,984,"Clinton"
20160419,64245,1262,"Clinton"
20160419,50500,591,"Clinton"
20160419,35286,908,"Trump"
20160419,74584,619,"Trump"
20160419,60896,1050,"Trump"
20160420,22115,984,"Clinton"
20160420,64245,1262,"Clinton"
20160420,50500,591,"Clinton"
20160420,33865,908,"Trump"
20160420,71229,619,"Trump"
20160420,58925,1050,"Trump"
20160421,68779,619,"Trump"
20160421,27483,953,"Trump"
20160421,56685,1050,"Trump"
20160421,27483,511,"Trump"
20160421,21858,984,"Clinton"
20160421,64245,1262,"Clinton"
20160421,50500,591,"Clinton"
20160422,132024,586,"Clinton"
20160422,66496,619,"Trump"
20160422,50500,591,"Clinton"
20160422,54631,1050,"Trump"
20160422,64245,1262,"Clinton"
20160422,57437,1168,"Trump"
20160423,64245,1262,"Clinton"
20160423,57437,1168,"Trump"
20160423,64417,619,"Trump"
20160423,132024,586,"Clinton"
20160423,50500,591,"Clinton"
20160423,52748,1050,"Trump"
20160424,50500,591,"Clinton"
20160424,64245,1262,"Clinton"
20160424,57437,1168,"Trump"
20160424,62301,619,"Trump"
20160424,132024,586,"Clinton"
20160424,50621,1050,"Trump"
20160425,48267,1050,"Trump"
20160425,132024,586,"Clinton"
20160425,50500,591,"Clinton"
20160425,64245,1262,"Clinton"
20160425,57437,1168,"Trump"
20160425,59994,619,"Trump"
20160426,45952,1050,"Trump"
20160426,50500,591,"Clinton"
20160426,64203,1262,"Clinton"
20160426,57437,1168,"Trump"
20160426,132024,586,"Clinton"
20160426,57550,619,"Trump"
20160427,132024,586,"Clinton"
20160427,55232,619,"Trump"
20160427,44168,1050,"Trump"
20160427,29830,1262,"Clinton"
20160427,57437,1168,"Trump"
20160427,50500,591,"Clinton"
20160428,50500,591,"Clinton"
20160428,52950,619,"Trump"
20160428,132024,586,"Clinton"
20160428,42135,1050,"Trump"
20160428,21256,1187,"Clinton"
20160428,57437,1168,"Trump"
20160429,21256,1187,"Clinton"
20160429,57437,1168,"Trump"
20160429,51063,619,"Trump"
20160429,132024,586,"Clinton"
20160429,40428,1050,"Trump"
20160429,50500,591,"Clinton"
20160430,50500,591,"Clinton"
20160430,132024,586,"Clinton"
20160430,21256,1187,"Clinton"
20160430,57437,1168,"Trump"
20160430,45383,619,"Trump"
20160430,38942,1050,"Trump"
20160501,52148,1050,"Trump"
20160501,21740,586,"Clinton"
20160501,98177,1168,"Trump"
20160501,7186,1036,"Clinton"
20160501,30216,434,"Clinton"
20160501,44453,619,"Trump"
20160502,46523,619,"Trump"
20160502,54607,1050,"Trump"
20160502,14177,1209,"Clinton"
20160502,22094,586,"Clinton"
20160502,98373,1168,"Trump"
20160502,30759,434,"Clinton"
20160503,31198,434,"Clinton"
20160503,16884,307,"Clinton"
20160503,48668,619,"Trump"
20160503,57216,1050,"Trump"
20160503,22293,586,"Clinton"
20160503,98780,1168,"Trump"
20160504,22493,586,"Clinton"
20160504,99056,1168,"Trump"
20160504,31648,434,"Clinton"
20160504,17748,307,"Clinton"
20160504,50827,619,"Trump"
20160504,59752,1050,"Trump"
20160505,22666,586,"Clinton"
20160505,99272,1168,"Trump"
20160505,32032,434,"Clinton"
20160505,18035,307,"Clinton"
20160505,52859,619,"Trump"
20160505,62590,1050,"Trump"
20160506,70842,1050,"Trump"
20160506,22848,586,"Clinton"
20160506,100199,1168,"Trump"
20160506,32458,434,"Clinton"
20160506,18272,307,"Clinton"
20160506,54625,619,"Trump"
20160507,56565,619,"Trump"
20160507,74665,1050,"Trump"
20160507,23024,586,"Clinton"
20160507,100721,1168,"Trump"
20160507,32903,434,"Clinton"
20160507,18431,307,"Clinton"
20160508,18550,307,"Clinton"
20160508,57975,619,"Trump"
20160508,76980,1050,"Trump"
20160508,23216,586,"Clinton"
20160508,101031,1168,"Trump"
20160508,33322,434,"Clinton"
20160509,101356,1168,"Trump"
20160509,33884,434,"Clinton"
20160509,35487,128,"Clinton"
20160509,59448,619,"Trump"
20160509,79336,1050,"Trump"
20160509,23420,586,"Clinton"
20160510,23559,586,"Clinton"
20160510,101736,1168,"Trump"
20160510,34348,434,"Clinton"
20160510,35558,128,"Clinton"
20160510,61139,619,"Trump"
20160510,81995,1050,"Trump"
20160511,84649,1050,"Trump"
20160511,23710,586,"Clinton"
20160511,102252,1168,"Trump"
20160511,34748,434,"Clinton"
20160511,35624,128,"Clinton"
20160511,63161,619,"Trump"
20160512,88547,1050,"Trump"
20160512,23831,586,"Clinton"
20160512,102664,1168,"Trump"
20160512,35221,434,"Clinton"
20160512,35674,128,"Clinton"
20160512,65286,619,"Trump"
20160513,35702,128,"Clinton"
20160513,66767,619,"Trump"
20160513,92266,1050,"Trump"
20160513,23925,586,"Clinton"
20160513,103126,1168,"Trump"
20160513,35525,434,"Clinton"
20160514,35819,434,"Clinton"
20160514,35746,128,"Clinton"
20160514,68285,619,"Trump"
20160514,94898,1050,"Trump"
20160514,24035,586,"Clinton"
20160514,103335,1168,"Trump"
20160515,24148,586,"Clinton"
20160515,103635,1168,"Trump"
20160515,36143,434,"Clinton"
20160515,35811,128,"Clinton"
20160515,69955,619,"Trump"
20160515,97461,1050,"Trump"
20160516,103635,1168,"Trump"
20160516,36143,434,"Clinton"
20160516,440951,1259,"Clinton"
20160516,69955,619,"Trump"
20160516,106909,1193,"Clinton"
20160516,97461,1050,"Trump"
20160517,440951,1259,"Clinton"
20160517,94144,1050,"Trump"
20160517,106909,1193,"Clinton"
20160517,55547,1168,"Trump"
20160517,35811,128,"Clinton"
20160517,67722,619,"Trump"
20160518,29741,855,"Trump"
20160518,65863,619,"Trump"
20160518,91677,1050,"Trump"
20160518,106909,1193,"Clinton"
20160518,440951,1259,"Clinton"
20160518,35811,128,"Clinton"
20160519,106909,1193,"Clinton"
20160519,63782,619,"Trump"
20160519,89330,1050,"Trump"
20160519,27792,501,"Trump"
20160519,440951,1259,"Clinton"
20160519,35811,128,"Clinton"
20160520,35811,128,"Clinton"
20160520,440951,1259,"Clinton"
20160520,106909,1193,"Clinton"
20160520,60957,619,"Trump"
20160520,86274,1050,"Trump"
20160520,25230,501,"Trump"
20160521,23178,501,"Trump"
20160521,35811,128,"Clinton"
20160521,106909,1193,"Clinton"
20160521,58202,619,"Trump"
20160521,440951,1259,"Clinton"
20160521,82487,1050,"Trump"
20160522,79164,1050,"Trump"
20160522,440951,1259,"Clinton"
20160522,21794,501,"Trump"
20160522,35811,128,"Clinton"
20160522,55582,619,"Trump"
20160522,106909,1193,"Clinton"
20160523,52376,619,"Trump"
20160523,75256,1050,"Trump"
20160523,106909,1193,"Clinton"
20160523,20490,501,"Trump"
20160523,440951,1259,"Clinton"
20160523,35811,128,"Clinton"
20160524,48857,619,"Trump"
20160524,71934,1050,"Trump"
20160524,19301,501,"Trump"
20160524,440951,1259,"Clinton"
20160524,106909,1193,"Clinton"
20160524,35811,128,"Clinton"
20160525,440951,1259,"Clinton"
20160525,34395,128,"Clinton"
20160525,106909,1193,"Clinton"
20160525,43684,619,"Trump"
20160525,69418,1050,"Trump"
20160525,18202,501,"Trump"
20160526,18719,307,"Clinton"
20160526,106909,1193,"Clinton"
20160526,40666,619,"Trump"
20160526,440951,1259,"Clinton"
20160526,66869,1050,"Trump"
20160526,17036,501,"Trump"
20160527,63826,1050,"Trump"
20160527,106909,1193,"Clinton"
20160527,15917,501,"Trump"
20160527,18709,307,"Clinton"
20160527,37940,619,"Trump"
20160527,440951,1259,"Clinton"
20160528,60797,1050,"Trump"
20160528,440951,1259,"Clinton"
20160528,14890,501,"Trump"
20160528,106909,1193,"Clinton"
20160528,18695,307,"Clinton"
20160528,35013,619,"Trump"
20160529,32677,619,"Trump"
20160529,56867,1050,"Trump"
20160529,13911,501,"Trump"
20160529,440951,1259,"Clinton"
20160529,106909,1193,"Clinton"
20160529,18624,307,"Clinton"
20160530,18618,307,"Clinton"
20160530,440951,1259,"Clinton"
20160530,30439,619,"Trump"
20160530,51531,1050,"Trump"
20160530,13029,501,"Trump"
20160530,106909,1193,"Clinton"
